step,train_loss,train_mean_token_accuracy,train_error_rate,valid_loss,valid_mean_token_accuracy,valid_error_rate,full_valid_loss,full_valid_mean_token_accuracy,full_valid_error_rate,timestamp
1,1.2783828973770142,0.7484586929716399,,,,,,,,2026-09-21T00:25:37.8560000Z
2,1.7538602352142334,0.6725239616613419,,,,,,,,2026-09-21T00:25:44.1090000Z
3,1.9009742736816406,0.66875,,,,,,,,2026-09-21T00:25:49.7810000Z
4,1.4479422569274902,0.7360335195530726,,,,,,,,2026-09-21T00:25:57.5590000Z
5,1.4291282892227173,0.7389033942558747,,,,,,,,2026-09-21T00:26:05.0280000Z
6,2.0846049785614014,0.6576271186440678,,,,,,,,2026-09-21T00:26:14.9000000Z
7,1.3591206073760986,0.7433628318584071,,,,,,,,2026-09-21T00:26:25.3780000Z
8,1.5843232870101929,0.7012048192771084,,,,,,,,2026-09-21T00:26:29.8530000Z
9,1.9064478874206543,0.6256,,,,,,,,2026-09-21T00:26:33.4230000Z
10,1.6198325157165527,0.7247706422018348,,,,,,,,2026-09-21T00:26:39.0920000Z
11,1.715417742729187,0.7153846153846154,,,,,,,,2026-09-21T00:26:43.5610000Z
12,1.166977047920227,0.7758318739054291,,,,,,,,2026-09-21T00:26:48.9320000Z
13,1.7898592948913574,0.6929133858267716,,,,,,,,2026-09-21T00:26:53.1040000Z
14,1.6464836597442627,0.7233009708737864,,,,,,,,2026-09-21T00:26:56.3740000Z
15,1.6283037662506104,0.6852791878172588,,,,,,,,2026-09-21T00:27:01.4540000Z
16,2.2881991863250732,0.5818815331010453,,,,,,,,2026-09-21T00:27:04.7260000Z
17,1.585615873336792,0.7345971563981043,,,,,,,,2026-09-21T00:27:07.9990000Z
18,1.892008662223816,0.638728323699422,,,,,,,,2026-09-21T00:27:11.2800000Z
19,1.315427303314209,0.7221095334685599,,,,,,,,2026-09-21T00:27:14.5490000Z
20,1.4405204057693481,0.7148362235067437,,,,,,,,2026-09-21T00:27:18.4250000Z
21,1.273059606552124,0.7878787878787878,,,,,,,,2026-09-21T00:27:21.4030000Z
22,1.3779165744781494,0.7504798464491362,,,,,,,,2026-09-21T00:27:32.4800000Z
23,1.0817599296569824,0.7839643652561247,,,,,,,,2026-09-21T00:27:35.7560000Z
24,1.6010602712631226,0.6979591836734694,,,,,,,,2026-09-21T00:27:39.9290000Z
25,1.9044721126556396,0.6728395061728395,,,,,,,,2026-09-21T00:27:43.8010000Z
26,1.2469934225082397,0.7454128440366973,,,,,,,,2026-09-21T00:27:51.5830000Z
27,1.7831696271896362,0.6472303206997084,,,,,,,,2026-09-21T00:27:54.8670000Z
28,1.4696298837661743,0.7265469061876247,,,,,,,,2026-09-21T00:27:58.1460000Z
29,1.9903359413146973,0.5916666666666667,,,,,,,,2026-09-21T00:27:59.3240000Z
30,1.6666158437728882,0.691304347826087,,,,,,,,2026-09-21T00:28:01.7000000Z
31,1.0945090055465698,0.7569331158238173,,,,,,,,2026-09-21T00:28:07.3750000Z
32,1.2751095294952393,0.7533632286995515,,,,,,,,2026-09-21T00:28:10.3580000Z
33,1.1934019327163696,0.7544303797468355,,,,,,,,2026-09-21T00:28:13.6390000Z
34,1.5912611484527588,0.6221198156682027,,,,,,,,2026-09-21T00:28:16.9060000Z
35,1.2251347303390503,0.7240853658536586,,,,,,,,2026-09-21T00:28:18.0730000Z
36,1.4121514558792114,0.7012658227848101,,,,,,,,2026-09-21T00:28:19.2450000Z
37,1.2295087575912476,0.7313084112149533,,,,,,,,2026-09-21T00:28:20.7220000Z
38,1.596705675125122,0.65,,,,,,,,2026-09-21T00:28:24.0050000Z
39,1.5621342658996582,0.651356993736952,,,,,,,,2026-09-21T00:28:27.2900000Z
40,1.505249261856079,0.6735294117647059,,,,,,,,2026-09-21T00:28:30.5720000Z
41,1.08583664894104,0.7294994675186368,,,,,,,,2026-09-21T00:28:34.7730000Z
42,1.2552099227905273,0.7201166180758017,,,,,,,,2026-09-21T00:28:36.2450000Z
43,1.2597196102142334,0.7049608355091384,,,,,,,,2026-09-21T00:28:38.6230000Z
44,1.1546603441238403,0.7322335025380711,,,,,,,,2026-09-21T00:28:41.9330000Z
45,1.7210206985473633,0.5918762088974855,,,,,,,,2026-09-21T00:28:45.2110000Z
46,0.905644953250885,0.7875,,,,,,,,2026-09-21T00:28:49.9930000Z
47,1.0709009170532227,0.7673860911270983,,,,,,,,2026-09-21T00:28:54.2120000Z
48,1.1167163848876953,0.7865612648221344,,,,,,,,2026-09-21T00:28:55.3970000Z
49,1.0951707363128662,0.7448275862068966,,,,,,,,2026-09-21T00:28:58.9780000Z
50,0.8992422819137573,0.7730496453900709,,,,,,,,2026-09-21T00:29:00.1550000Z
51,1.263068437576294,0.7132352941176471,,,,,,,,2026-09-21T00:29:01.3650000Z
52,1.0231879949569702,0.757455268389662,,,,,,,,2026-09-21T00:29:04.6350000Z
53,1.7373852729797363,0.6421161825726142,,,,,,,,2026-09-21T00:29:08.2110000Z
54,0.7333357334136963,0.8173913043478261,,,,,,,,2026-09-21T00:29:11.4960000Z
55,1.7003867626190186,0.6180422264875239,,,,,,,,2026-09-21T00:29:12.6720000Z
56,1.0778483152389526,0.7523219814241486,,,,,,,,2026-09-21T00:29:15.9520000Z
57,1.2404451370239258,0.720108695652174,,,,,,,,2026-09-21T00:29:17.4240000Z
58,1.14765202999115,0.7469512195121951,,,,,,,,2026-09-21T00:29:20.7130000Z
59,0.8311417102813721,0.7801652892561983,,,,,,,,2026-09-21T00:29:23.9860000Z
60,0.9378311038017273,0.7863013698630137,,,,,,,,2026-09-21T00:29:27.5740000Z
61,1.664788842201233,0.631578947368421,,,,,,,,2026-09-21T00:29:32.3480000Z
62,0.9401100277900696,0.7841530054644809,,,,,,,,2026-09-21T00:29:33.5200000Z
63,1.0729678869247437,0.754601226993865,,,,,,,,2026-09-21T00:29:36.7960000Z
64,1.1001681089401245,0.7543035993740219,,,,,,,,2026-09-21T00:29:40.3720000Z
65,0.8055627346038818,0.7930327868852459,,,,,,,,2026-09-21T00:29:41.5480000Z
66,0.7972996234893799,0.7985074626865671,,,,,,,,2026-09-21T00:29:44.8600000Z
67,1.1983689069747925,0.7344262295081967,,,,,,,,2026-09-21T00:29:46.0370000Z
68,0.6998931169509888,0.8333333333333334,,,,,,,,2026-09-21T00:29:49.3370000Z
69,0.5675333142280579,0.8680738786279684,,,,,,,,2026-09-21T00:29:52.6200000Z
70,1.2460566759109497,0.7394859813084113,,,,,,,,2026-09-21T00:29:57.7220000Z
71,1.0024237632751465,0.7771535580524345,,,,,,,,2026-09-21T00:29:58.8980000Z
72,0.8487644195556641,0.7818181818181819,,,,,,,,2026-09-21T00:30:00.0730000Z
73,1.0333524942398071,0.740484429065744,,,,,,,,2026-09-21T00:30:02.4490000Z
74,0.6104298830032349,0.8307692307692308,,,,,,,,2026-09-21T00:30:05.7240000Z
75,0.8802148103713989,0.7945736434108527,,,,,,,,2026-09-21T00:30:09.0020000Z
76,0.5300729870796204,0.8867924528301887,,,,,,,,2026-09-21T00:30:10.7810000Z
77,0.5203042030334473,0.8577929465301479,,,,,,,,2026-09-21T00:30:13.7940000Z
78,0.7085334062576294,0.827930174563591,,,,,,,,2026-09-21T00:30:14.9670000Z
79,1.1293456554412842,0.7415730337078652,,,,,,,,2026-09-21T00:30:16.1410000Z
80,1.5219299793243408,0.6369747899159663,,,,,,,,2026-09-21T00:30:17.3130000Z
81,1.2659837007522583,0.7528868360277137,,,,,,,,2026-09-21T00:30:20.8890000Z
82,0.6679821014404297,0.8568329718004338,,,,,,,,2026-09-21T00:30:22.0610000Z
83,1.1752240657806396,0.7196969696969697,,,,,,,,2026-09-21T00:30:25.3680000Z
84,0.5780081152915955,0.8617886178861789,,,,,,,,2026-09-21T00:30:26.5500000Z
85,0.5092936158180237,0.8870056497175142,,,,,,,,2026-09-21T00:30:27.7460000Z
86,0.479431688785553,0.9035812672176309,,,,,,,,2026-09-21T00:30:29.2200000Z
87,0.9657008647918701,0.7601547388781431,,,,,,,,2026-09-21T00:30:30.3970000Z
88,0.3730032742023468,0.8995901639344263,,,,,,,,2026-09-21T00:30:33.7040000Z
89,0.5910871624946594,0.8663028649386084,,,,,,,,2026-09-21T00:30:34.8860000Z
90,0.4581397473812103,0.8838383838383839,,,,,,,,2026-09-21T00:30:38.1960000Z
91,0.8264282941818237,0.801707779886148,,,,,,,,2026-09-21T00:30:41.7750000Z
92,0.35541900992393494,0.9181286549707602,,,,,,,,2026-09-21T00:30:42.9730000Z
93,0.23770952224731445,0.9454976303317536,,,,,,,,2026-09-21T00:30:44.1410000Z
94,0.901369571685791,0.785234899328859,,,,,,,,2026-09-21T00:30:47.4460000Z
95,0.7536038756370544,0.8227848101265823,,,,,,,,2026-09-21T00:30:51.0340000Z
96,0.3263777494430542,0.9206349206349206,,,,,,,,2026-09-21T00:30:52.2170000Z
97,0.4097416400909424,0.9044117647058824,,,,,,,,2026-09-21T00:30:55.4910000Z
98,0.1316150724887848,0.9834437086092715,,,,,,,,2026-09-21T00:30:56.6640000Z
99,0.5327408909797668,0.8722466960352423,,,,,,,,2026-09-21T00:30:57.8460000Z
100,0.3335016369819641,0.9270216962524654,,0.7531938521792135,0.8078175895765473,,,,,2026-09-21T00:31:04.6090000Z
101,0.5769702792167664,0.8765432098765432,,,,,,,,2026-09-21T00:31:09.7850000Z
102,0.8826685547828674,0.8155136268343816,,,,,,,,2026-09-21T00:31:10.4090000Z
103,0.725943922996521,0.8209408194233687,,,,,,,,2026-09-21T00:31:14.5390000Z
104,0.24007023870944977,0.9330708661417323,,,,,,,,2026-09-21T00:31:17.5200000Z
105,0.21767497062683105,0.9502923976608187,,,,,,,,2026-09-21T00:31:18.9970000Z
106,0.7545167803764343,0.8174603174603174,,,,,,,,2026-09-21T00:31:20.1720000Z
107,0.403786838054657,0.9104166666666667,,,,,,,,2026-09-21T00:31:21.3470000Z
108,0.1604142040014267,0.9576547231270358,,,,,,,,2026-09-21T00:31:22.5200000Z
109,0.25231900811195374,0.9353233830845771,,,,,,,,2026-09-21T00:31:25.8020000Z
110,0.041151076555252075,1,,,,,,,,2026-09-21T00:31:27.3070000Z
111,0.1880248486995697,0.9420731707317073,,,,,,,,2026-09-21T00:31:28.4930000Z
112,0.39849695563316345,0.9172056921086675,,,,,,,,2026-09-21T00:31:32.3730000Z
113,0.7210639119148254,0.8162911611785095,,,,,,,,2026-09-21T00:31:33.2780000Z
114,0.029729239642620087,0.9970674486803519,,,,,,,,2026-09-21T00:31:36.6210000Z
115,0.6088321805000305,0.8482142857142857,,,,,,,,2026-09-21T00:31:37.8020000Z
116,0.6211037039756775,0.863036303630363,,,,,,,,2026-09-21T00:31:41.4080000Z
117,0.4675208032131195,0.8863636363636364,,,,,,,,2026-09-21T00:31:44.6850000Z
118,0.02062385156750679,1,,,,,,,,2026-09-21T00:31:47.9890000Z
119,0.11346536874771118,0.9696132596685083,,,,,,,,2026-09-21T00:31:49.4830000Z
120,0.16503837704658508,0.955503512880562,,,,,,,,2026-09-21T00:31:50.6560000Z
121,0.011211086995899677,1,,,,,,,,2026-09-21T00:31:51.8350000Z
122,0.014463449828326702,1,,,,,,,,2026-09-21T00:31:53.0060000Z
123,0.21775443851947784,0.9431524547803618,,,,,,,,2026-09-21T00:31:54.2090000Z
124,0.06673047691583633,0.9792099792099792,,,,,,,,2026-09-21T00:31:55.3880000Z
125,0.5359711647033691,0.8778625954198473,,,,,,,,2026-09-21T00:31:56.8930000Z
126,0.5739899277687073,0.8556034482758621,,,,,,,,2026-09-21T00:32:00.1680000Z
127,0.7364259958267212,0.8377997179125529,,,,,,,,2026-09-21T00:32:04.6520000Z
128,0.05456194281578064,0.9896373056994818,,,,,,,,2026-09-21T00:32:05.8260000Z
129,0.6298989653587341,0.8350730688935282,,,,,,,,2026-09-21T00:32:07.0260000Z
130,0.7272008657455444,0.818815331010453,,,,,,,,2026-09-21T00:32:10.6080000Z
131,1.586652398109436,0.643581081081081,,,,,,,,2026-09-21T00:32:11.7890000Z
132,0.3351038992404938,0.9230769230769231,,,,,,,,2026-09-21T00:32:12.9590000Z
133,0.1598655730485916,0.958904109589041,,,,,,,,2026-09-21T00:32:14.4290000Z
134,0.5370831489562988,0.8768898488120951,,,,,,,,2026-09-21T00:32:15.6210000Z
135,0.12746453285217285,0.9688473520249221,,,,,,,,2026-09-21T00:32:16.8030000Z
136,0.18638359010219574,0.952561669829222,,,,,,,,2026-09-21T00:32:17.9770000Z
137,0.2284475713968277,0.9271948608137045,,,,,,,,2026-09-21T00:32:19.4810000Z
138,0.25699764490127563,0.9323529411764706,,,,,,,,2026-09-21T00:32:22.7580000Z
139,0.5127394199371338,0.9034653465346535,,,,,,,,2026-09-21T00:32:23.9320000Z
140,0.09538518637418747,0.9831649831649831,,,,,,,,2026-09-21T00:32:25.4240000Z
141,0.6375262141227722,0.8442822384428224,,,,,,,,2026-09-21T00:32:26.6010000Z
142,0.16481642425060272,0.9636803874092009,,,,,,,,2026-09-21T00:32:27.8070000Z
143,0.3289313018321991,0.9278033794162827,,,,,,,,2026-09-21T00:32:28.9850000Z
144,0.4068468511104584,0.9122807017543859,,,,,,,,2026-09-21T00:32:32.5770000Z
145,0.0038789515383541584,1,,,,,,,,2026-09-21T00:32:33.7580000Z
146,0.37844395637512207,0.9040697674418605,,,,,,,,2026-09-21T00:32:37.0360000Z
147,0.4349208176136017,0.8744650499286734,,,,,,,,2026-09-21T00:32:40.6140000Z
148,0.6296669840812683,0.8509803921568627,,,,,,,,2026-09-21T00:32:43.8940000Z
149,0.23614341020584106,0.9329896907216495,,,,,,,,2026-09-21T00:32:47.4780000Z
150,0.1435103714466095,0.9554140127388535,,,,,,,,2026-09-21T00:32:48.6530000Z
151,0.030191216617822647,0.992619926199262,,,,,,,,2026-09-21T00:32:49.8680000Z
152,0.09454715251922607,0.9714285714285714,,,,,,,,2026-09-21T00:32:51.0560000Z
153,0.24494533240795135,0.9297658862876255,,,,,,,,2026-09-21T00:32:52.2450000Z
154,0.4259045720100403,0.8969298245614035,,,,,,,,2026-09-21T00:32:53.4320000Z
155,0.18079069256782532,0.9608355091383812,,,,,,,,2026-09-21T00:32:55.2120000Z
156,0.08291979134082794,0.9770554493307839,,,,,,,,2026-09-21T00:32:56.0980000Z
157,0.062363654375076294,0.9920634920634921,,,,,,,,2026-09-21T00:32:57.2890000Z
158,1.229841947555542,0.7246376811594203,,,,,,,,2026-09-21T00:33:00.8740000Z
159,0.0698193684220314,0.9803921568627451,,,,,,,,2026-09-21T00:33:02.0780000Z
160,0.025671105831861496,0.9968847352024922,,,,,,,,2026-09-21T00:33:03.2610000Z
161,0.20699557662010193,0.9476082004555809,,,,,,,,2026-09-21T00:33:06.8380000Z
162,0.9853078722953796,0.7637931034482759,,,,,,,,2026-09-21T00:33:08.0140000Z
163,0.46562284231185913,0.8974854932301741,,,,,,,,2026-09-21T00:33:10.3920000Z
164,0.5774622559547424,0.8611111111111112,,,,,,,,2026-09-21T00:33:11.5880000Z
165,0.41977086663246155,0.8962536023054755,,,,,,,,2026-09-21T00:33:12.8060000Z
166,0.11119527369737625,0.972972972972973,,,,,,,,2026-09-21T00:33:13.9890000Z
167,0.48745235800743103,0.8636363636363636,,,,,,,,2026-09-21T00:33:15.4610000Z
168,0.00423091696575284,1,,,,,,,,2026-09-21T00:33:16.6390000Z
169,0.5715721249580383,0.8464730290456431,,,,,,,,2026-09-21T00:33:17.8550000Z
170,0.010489738546311855,0.9969040247678018,,,,,,,,2026-09-21T00:33:19.0330000Z
171,0.026958979666233063,0.9944444444444445,,,,,,,,2026-09-21T00:33:22.9100000Z
172,0.00559631735086441,1,,,,,,,,2026-09-21T00:33:23.8030000Z
173,0.09188034385442734,0.982078853046595,,,,,,,,2026-09-21T00:33:24.9850000Z
174,0.002186414785683155,1,,,,,,,,2026-09-21T00:33:26.1610000Z
175,0.4642581045627594,0.8967452300785634,,,,,,,,2026-09-21T00:33:29.7390000Z
176,0.03618857264518738,0.9917582417582418,,,,,,,,2026-09-21T00:33:30.9130000Z
177,0.0017277399310842156,1,,,,,,,,2026-09-21T00:33:32.0900000Z
178,0.1771509200334549,0.951271186440678,,,,,,,,2026-09-21T00:33:35.6750000Z
179,0.6370533108711243,0.8492063492063492,,,,,,,,2026-09-21T00:33:36.8600000Z
180,0.0018588444218039513,1,,,,,,,,2026-09-21T00:33:39.2380000Z
181,0.001480855979025364,1,,,,,,,,2026-09-21T00:33:40.4110000Z
182,0.0014126088935881853,1,,,,,,,,2026-09-21T00:33:41.8960000Z
183,0.24667435884475708,0.9496753246753247,,,,,,,,2026-09-21T00:33:43.0810000Z
184,0.4066236615180969,0.9037800687285223,,,,,,,,2026-09-21T00:33:44.2610000Z
185,0.07863668352365494,0.9806201550387597,,,,,,,,2026-09-21T00:33:45.4310000Z
186,0.5731920599937439,0.8928571428571429,,,,,,,,2026-09-21T00:33:48.7420000Z
187,1.0737179517745972,0.7651444547996272,,,,,,,,2026-09-21T00:33:52.0170000Z
188,0.004097839817404747,1,,,,,,,,2026-09-21T00:33:53.4890000Z
189,0.011788029223680496,0.9953271028037384,,,,,,,,2026-09-21T00:33:54.6680000Z
190,0.2339002937078476,0.9457831325301205,,,,,,,,2026-09-21T00:33:58.2460000Z
191,0.024194100871682167,0.99,,,,,,,,2026-09-21T00:34:01.5230000Z
192,0.5441483855247498,0.8438761776581427,,,,,,,,2026-09-21T00:34:05.1340000Z
193,0.6364255547523499,0.837890625,,,,,,,,2026-09-21T00:34:06.3170000Z
194,0.0009229495190083981,1,,,,,,,,2026-09-21T00:34:08.1260000Z
195,0.056002020835876465,0.984375,,,,,,,,2026-09-21T00:34:10.2060000Z
196,0.06788966059684753,0.9880382775119617,,,,,,,,2026-09-21T00:34:11.3890000Z
197,0.0006308346055448055,1,,,,,,,,2026-09-21T00:34:13.2100000Z
198,0.0006232287269085646,1,,,,,,,,2026-09-21T00:34:14.0960000Z
199,0.2309575378894806,0.9543147208121827,,,,,,,,2026-09-21T00:34:15.2840000Z
200,0.4416728615760803,0.8883312421580929,,0.3634530614634029,0.9081967213114754,,,,,2026-09-21T00:34:21.9820000Z
201,0.3753264844417572,0.9119170984455959,,,,,,,,2026-09-21T00:34:24.9930000Z
202,0.7259628772735596,0.8388157894736842,,,,,,,,2026-09-21T00:34:35.0070000Z
203,0.11536037921905518,0.9769452449567724,,,,,,,,2026-09-21T00:34:36.1830000Z
204,0.007402707356959581,0.9974025974025974,,,,,,,,2026-09-21T00:34:37.3570000Z
205,0.16739791631698608,0.9548954895489549,,,,,,,,2026-09-21T00:34:40.9470000Z
206,0.09869986027479172,0.9712918660287081,,,,,,,,2026-09-21T00:34:44.8330000Z
207,0.0026915809139609337,1,,,,,,,,2026-09-21T00:34:45.7230000Z
208,0.26855334639549255,0.9337175792507204,,,,,,,,2026-09-21T00:34:47.2030000Z
209,0.04846899211406708,0.9830097087378641,,,,,,,,2026-09-21T00:34:48.3760000Z
210,0.23407520353794098,0.9235807860262009,,,,,,,,2026-09-21T00:34:49.5590000Z
211,0.47947216033935547,0.9017681728880157,,,,,,,,2026-09-21T00:34:50.7350000Z
212,0.0005231178365647793,1,,,,,,,,2026-09-21T00:34:54.3110000Z
213,0.7566492557525635,0.8166189111747851,,,,,,,,2026-09-21T00:34:55.4880000Z
214,1.1484004259109497,0.7346553352219075,,,,,,,,2026-09-21T00:34:58.7720000Z
215,1.2475045919418335,0.7327188940092166,,,,,,,,2026-09-21T00:35:04.1490000Z
216,0.6674785017967224,0.8330341113105925,,,,,,,,2026-09-21T00:35:05.3360000Z
217,0.22668464481830597,0.9433106575963719,,,,,,,,2026-09-21T00:35:06.5190000Z
218,0.0013440781040117145,1,,,,,,,,2026-09-21T00:35:09.8010000Z
219,0.7085844278335571,0.8542274052478134,,,,,,,,2026-09-21T00:35:13.3840000Z
220,0.576705813407898,0.8489208633093526,,,,,,,,2026-09-21T00:35:14.5600000Z
221,0.1575208604335785,0.962059620596206,,,,,,,,2026-09-21T00:35:15.7330000Z
222,0.13471509516239166,0.9752577319587629,,,,,,,,2026-09-21T00:35:19.3110000Z
223,0.833803653717041,0.7979274611398963,,,,,,,,2026-09-21T00:35:20.5150000Z
224,0.2726563513278961,0.9256055363321799,,,,,,,,2026-09-21T00:35:21.7090000Z
225,0.0014125787420198321,1,,,,,,,,2026-09-21T00:35:22.9230000Z
226,0.12163887172937393,0.9739130434782609,,,,,,,,2026-09-21T00:35:24.1040000Z
227,0.0005793053423985839,1,,,,,,,,2026-09-21T00:35:25.3140000Z
228,0.8071576356887817,0.7965116279069767,,,,,,,,2026-09-21T00:35:26.5090000Z
229,0.00040069560054689646,1,,,,,,,,2026-09-21T00:35:28.5870000Z
230,0.4625435173511505,0.8789115646258503,,,,,,,,2026-09-21T00:35:31.2730000Z
231,0.006871005520224571,0.9962546816479401,,,,,,,,2026-09-21T00:35:32.7490000Z
232,0.1099412590265274,0.974477958236659,,,,,,,,2026-09-21T00:35:33.6370000Z
233,0.0028444703202694654,1,,,,,,,,2026-09-21T00:35:34.8280000Z
234,0.28460973501205444,0.9160186625194401,,,,,,,,2026-09-21T00:35:38.1060000Z
235,0.0008382974774576724,1,,,,,,,,2026-09-21T00:35:39.2930000Z
236,0.07096307724714279,0.9812889812889813,,,,,,,,2026-09-21T00:35:41.9690000Z
237,0.39924749732017517,0.9135802469135802,,,,,,,,2026-09-21T00:35:43.1530000Z
238,0.44639939069747925,0.8866666666666667,,,,,,,,2026-09-21T00:35:44.3370000Z
239,0.004307318478822708,1,,,,,,,,2026-09-21T00:35:45.5190000Z
240,0.10168581455945969,0.9709090909090909,,,,,,,,2026-09-21T00:35:46.6880000Z
241,0.17050717771053314,0.9476831091180867,,,,,,,,2026-09-21T00:35:48.2070000Z
242,0.017880817875266075,0.9965277777777778,,,,,,,,2026-09-21T00:35:49.3870000Z
243,0.5889537930488586,0.8496420047732697,,,,,,,,2026-09-21T00:35:50.5920000Z
244,0.2357928603887558,0.9353099730458221,,,,,,,,2026-09-21T00:35:51.7760000Z
245,0.012815598398447037,0.9953917050691244,,,,,,,,2026-09-21T00:35:53.3020000Z
246,0.3683709502220154,0.9164179104477612,,,,,,,,2026-09-21T00:35:54.4900000Z
247,0.14784009754657745,0.9518213866039953,,,,,,,,2026-09-21T00:35:58.1170000Z
248,0.16892249882221222,0.9683698296836983,,,,,,,,2026-09-21T00:36:01.4050000Z
249,0.0024733811151236296,1,,,,,,,,2026-09-21T00:36:05.0110000Z
250,0.5645690560340881,0.8886138613861386,,,,,,,,2026-09-21T00:36:06.1910000Z
251,0.6781594157218933,0.8355704697986577,,,,,,,,2026-09-21T00:36:09.4720000Z
252,0.0033291822765022516,1,,,,,,,,2026-09-21T00:36:10.6550000Z
253,0.08240128308534622,0.9779951100244498,,,,,,,,2026-09-21T00:36:12.1980000Z
254,0.7856303453445435,0.8147512864493996,,,,,,,,2026-09-21T00:36:13.0810000Z
255,0.0008806045516394079,1,,,,,,,,2026-09-21T00:36:14.6080000Z
256,0.05705496296286583,0.9856115107913669,,,,,,,,2026-09-21T00:36:15.7860000Z
257,0.0003088210360147059,1,,,,,,,,2026-09-21T00:36:16.9970000Z
258,0.3665110766887665,0.911504424778761,,,,,,,,2026-09-21T00:36:18.1820000Z
259,0.15915940701961517,0.9567901234567902,,,,,,,,2026-09-21T00:36:19.3630000Z
260,0.14965307712554932,0.9636363636363636,,,,,,,,2026-09-21T00:36:20.5360000Z
261,1.1681017875671387,0.7408207343412527,,,,,,,,2026-09-21T00:36:22.0140000Z
262,0.4321680963039398,0.8774509803921569,,,,,,,,2026-09-21T00:36:23.2210000Z
263,0.5626334547996521,0.8649789029535865,,,,,,,,2026-09-21T00:36:24.4060000Z
264,0.07294920831918716,0.9846491228070176,,,,,,,,2026-09-21T00:36:25.6250000Z
265,0.4646463692188263,0.89171974522293,,,,,,,,2026-09-21T00:36:26.8340000Z
266,0.32023659348487854,0.9325153374233128,,,,,,,,2026-09-21T00:36:28.0490000Z
267,0.014083162881433964,0.9948717948717949,,,,,,,,2026-09-21T00:36:29.5260000Z
268,0.0004988269065506756,1,,,,,,,,2026-09-21T00:36:30.7420000Z
269,0.09170488268136978,0.9764309764309764,,,,,,,,2026-09-21T00:36:31.9110000Z
270,0.8430086374282837,0.8155487804878049,,,,,,,,2026-09-21T00:36:33.1280000Z
271,0.04868776723742485,0.9974293059125964,,,,,,,,2026-09-21T00:36:34.3050000Z
272,1.1968401670455933,0.7410358565737052,,,,,,,,2026-09-21T00:36:35.5140000Z
273,0.4793076813220978,0.8910433979686058,,,,,,,,2026-09-21T00:36:39.3980000Z
274,0.2595883011817932,0.9432835820895522,,,,,,,,2026-09-21T00:36:40.5920000Z
275,0.010268004611134529,1,,,,,,,,2026-09-21T00:36:41.7750000Z
276,1.2006168365478516,0.7102330293819655,,,,,,,,2026-09-21T00:36:45.0500000Z
277,0.00042580245644785464,1,,,,,,,,2026-09-21T00:36:46.5190000Z
278,0.021141761913895607,0.9965870307167235,,,,,,,,2026-09-21T00:36:47.6990000Z
279,0.011254389770328999,0.9980582524271845,,,,,,,,2026-09-21T00:36:48.8790000Z
280,0.0005936474772170186,1,,,,,,,,2026-09-21T00:36:50.0670000Z
281,0.25709590315818787,0.9443254817987152,,,,,,,,2026-09-21T00:36:51.5420000Z
282,0.15090544521808624,0.9540229885057471,,,,,,,,2026-09-21T00:36:54.8180000Z
283,0.08313830941915512,0.9711934156378601,,,,,,,,2026-09-21T00:36:56.0040000Z
284,0.15140782296657562,0.9581151832460733,,,,,,,,2026-09-21T00:36:57.1920000Z
285,1.1089693307876587,0.7697262479871175,,,,,,,,2026-09-21T00:37:00.7690000Z
286,0.06429830193519592,0.979381443298969,,,,,,,,2026-09-21T00:37:01.9580000Z
287,0.7527207136154175,0.7904040404040404,,,,,,,,2026-09-21T00:37:03.1400000Z
288,0.9893195033073425,0.744421906693712,,,,,,,,2026-09-21T00:37:04.3330000Z
289,0.29898902773857117,0.9354243542435424,,,,,,,,2026-09-21T00:37:05.8270000Z
290,0.09363268315792084,0.970917225950783,,,,,,,,2026-09-21T00:37:07.0090000Z
291,0.1485273838043213,0.958974358974359,,,,,,,,2026-09-21T00:37:08.2090000Z
292,0.11487659066915512,0.9681093394077449,,,,,,,,2026-09-21T00:37:09.3960000Z
293,0.06145148351788521,0.9895287958115183,,,,,,,,2026-09-21T00:37:12.9740000Z
294,1.1844682693481445,0.7213333333333334,,,,,,,,2026-09-21T00:37:14.1490000Z
295,0.05069606751203537,0.9966442953020134,,,,,,,,2026-09-21T00:37:15.3310000Z
296,0.21592295169830322,0.9552715654952076,,,,,,,,2026-09-21T00:37:16.5180000Z
297,1.1695528030395508,0.7198364008179959,,,,,,,,2026-09-21T00:37:18.2990000Z
298,0.6850644946098328,0.8346456692913385,,,,,,,,2026-09-21T00:37:19.4990000Z
299,0.29973962903022766,0.9306666666666666,,,,,,,,2026-09-21T00:37:20.9630000Z
300,0.5068989992141724,0.8805031446540881,,0.2900901885881816,0.9263698630136986,,,,,2026-09-21T00:37:25.5720000Z
301,0.169531911611557,0.9427662957074722,,,,,,,,2026-09-21T00:37:28.1040000Z
302,0.0722869336605072,0.9876543209876543,,,,,,,,2026-09-21T00:37:28.9880000Z
303,0.29428502917289734,0.9264475743348983,,,,,,,,2026-09-21T00:37:30.1650000Z
304,0.404783695936203,0.8923766816143498,,,,,,,,2026-09-21T00:37:31.3470000Z
305,0.0005008706939406693,1,,,,,,,,2026-09-21T00:37:33.1220000Z
306,0.3731016218662262,0.9020408163265307,,,,,,,,2026-09-21T00:37:34.0040000Z
307,0.0513681136071682,0.9894459102902374,,,,,,,,2026-09-21T00:37:37.5830000Z
308,0.3192237615585327,0.9153153153153153,,,,,,,,2026-09-21T00:37:38.7710000Z
309,0.0011645314516499639,1,,,,,,,,2026-09-21T00:37:39.9440000Z
310,0.0021991156972944736,1,,,,,,,,2026-09-21T00:37:41.1220000Z
311,0.0017052892362698913,1,,,,,,,,2026-09-21T00:37:42.3040000Z
312,0.2835860550403595,0.9152542372881356,,,,,,,,2026-09-21T00:37:43.8070000Z
313,0.10543902963399887,0.977116704805492,,,,,,,,2026-09-21T00:37:44.9920000Z
314,0.26338377594947815,0.9278846153846154,,,,,,,,2026-09-21T00:37:46.1980000Z
315,0.6311943531036377,0.8556962025316456,,,,,,,,2026-09-21T00:37:47.3800000Z
316,0.5219573378562927,0.8753623188405797,,,,,,,,2026-09-21T00:37:48.5590000Z
317,0.998970627784729,0.7526555386949925,,,,,,,,2026-09-21T00:37:51.8500000Z
318,0.0004857832391280681,1,,,,,,,,2026-09-21T00:37:53.3340000Z
319,1.3904443979263306,0.6795827123695977,,,,,,,,2026-09-21T00:37:54.5130000Z
320,0.9369322061538696,0.8124054462934948,,,,,,,,2026-09-21T00:37:58.4230000Z
321,0.00024353440676350147,1,,,,,,,,2026-09-21T00:37:59.3160000Z
322,0.12713824212551117,0.9736842105263158,,,,,,,,2026-09-21T00:38:00.4980000Z
323,0.08756671100854874,0.972972972972973,,,,,,,,2026-09-21T00:38:01.6820000Z
324,0.19760560989379883,0.9536152796725784,,,,,,,,2026-09-21T00:38:02.8630000Z
325,0.4144461452960968,0.8790123456790123,,,,,,,,2026-09-21T00:38:04.3710000Z
326,0.7891302704811096,0.8342420937840785,,,,,,,,2026-09-21T00:38:08.2430000Z
327,0.872385561466217,0.8160569105691057,,,,,,,,2026-09-21T00:38:11.2260000Z
328,0.06115751340985298,0.9763313609467456,,,,,,,,2026-09-21T00:38:13.0240000Z
329,0.016211330890655518,0.9942028985507246,,,,,,,,2026-09-21T00:38:13.9260000Z
330,0.02989286743104458,0.9874213836477987,,,,,,,,2026-09-21T00:38:15.1160000Z
331,0.766291081905365,0.827906976744186,,,,,,,,2026-09-21T00:38:16.2960000Z
332,0.009193651378154755,0.9978401727861771,,,,,,,,2026-09-21T00:38:17.5080000Z
333,0.002641958650201559,1,,,,,,,,2026-09-21T00:38:18.6930000Z
334,0.3743550479412079,0.897239263803681,,,,,,,,2026-09-21T00:38:20.2410000Z
335,0.23241063952445984,0.9357495881383855,,,,,,,,2026-09-21T00:38:23.5210000Z
336,0.7264488339424133,0.8209982788296041,,,,,,,,2026-09-21T00:38:24.7400000Z
337,1.0351061820983887,0.731016731016731,,,,,,,,2026-09-21T00:38:28.3210000Z
338,0.0012815706431865692,1,,,,,,,,2026-09-21T00:38:31.9010000Z
339,0.7731690406799316,0.797752808988764,,,,,,,,2026-09-21T00:38:33.0880000Z
340,0.054503217339515686,0.9872495446265938,,,,,,,,2026-09-21T00:38:36.6700000Z
341,0.7364152073860168,0.8070175438596491,,,,,,,,2026-09-21T00:38:37.8490000Z
342,1.1686809062957764,0.7845303867403315,,,,,,,,2026-09-21T00:38:39.0280000Z
343,0.0064099449664354324,0.9974025974025974,,,,,,,,2026-09-21T00:38:40.2080000Z
344,0.0014571917708963156,1,,,,,,,,2026-09-21T00:38:41.3850000Z
345,0.7840579748153687,0.8262806236080178,,,,,,,,2026-09-21T00:38:42.9060000Z
346,0.03159525245428085,0.9959514170040485,,,,,,,,2026-09-21T00:38:44.0840000Z
347,0.5340772867202759,0.8553054662379421,,,,,,,,2026-09-21T00:38:45.2950000Z
348,0.10872358828783035,0.9777158774373259,,,,,,,,2026-09-21T00:38:46.4720000Z
349,0.15761972963809967,0.9495213228894691,,,,,,,,2026-09-21T00:38:47.6770000Z
350,0.32956984639167786,0.9360902255639098,,,,,,,,2026-09-21T00:38:48.8630000Z
351,0.0919899046421051,0.9842829076620825,,,,,,,,2026-09-21T00:38:50.6560000Z
352,0.8894748091697693,0.7772151898734178,,,,,,,,2026-09-21T00:38:51.5400000Z
353,0.0682121142745018,0.9844559585492227,,,,,,,,2026-09-21T00:38:52.7220000Z
354,0.017176181077957153,0.9920634920634921,,,,,,,,2026-09-21T00:38:53.9350000Z
355,0.00039207778172567487,1,,,,,,,,2026-09-21T00:38:55.1460000Z
356,0.00025990078574977815,1,,,,,,,,2026-09-21T00:38:56.6290000Z
357,0.4402291476726532,0.89937106918239,,,,,,,,2026-09-21T00:38:57.8530000Z
358,0.10211256891489029,0.9726027397260274,,,,,,,,2026-09-21T00:38:59.0330000Z
359,0.4035930633544922,0.9065849923430321,,,,,,,,2026-09-21T00:39:00.2230000Z
360,1.009659767150879,0.746922024623803,,,,,,,,2026-09-21T00:39:01.3990000Z
361,0.30563321709632874,0.9211822660098522,,,,,,,,2026-09-21T00:39:02.8710000Z
362,0.23591212928295135,0.9417040358744395,,,,,,,,2026-09-21T00:39:04.0460000Z
363,0.4064757823944092,0.9041533546325878,,,,,,,,2026-09-21T00:39:05.2650000Z
364,0.2796751856803894,0.9198396793587175,,,,,,,,2026-09-21T00:39:06.4780000Z
365,1.1191219091415405,0.7206537890044576,,,,,,,,2026-09-21T00:39:07.7170000Z
366,0.5736414194107056,0.8661417322834646,,,,,,,,2026-09-21T00:39:08.9420000Z
367,0.7637239694595337,0.8245192307692307,,,,,,,,2026-09-21T00:39:10.7540000Z
368,0.11934009939432144,0.9695945945945946,,,,,,,,2026-09-21T00:39:11.6730000Z
369,0.08384610712528229,0.9795918367346939,,,,,,,,2026-09-21T00:39:12.8530000Z
370,0.0619051419198513,0.9816272965879265,,,,,,,,2026-09-21T00:39:14.0700000Z
371,0.49512165784835815,0.8873239436619719,,,,,,,,2026-09-21T00:39:15.2570000Z
372,0.41515055298805237,0.8828715365239295,,,,,,,,2026-09-21T00:39:18.8680000Z
373,0.15608133375644684,0.963254593175853,,,,,,,,2026-09-21T00:39:20.0520000Z
374,0.9627790451049805,0.7627856365614799,,,,,,,,2026-09-21T00:39:23.6640000Z
375,0.3385883569717407,0.909297052154195,,,,,,,,2026-09-21T00:39:24.8810000Z
376,0.11733438074588776,0.9615384615384616,,,,,,,,2026-09-21T00:39:26.0880000Z
377,1.4716888666152954,0.671559633027523,,,,,,,,2026-09-21T00:39:29.9660000Z
378,0.32333168387413025,0.912396694214876,,,,,,,,2026-09-21T00:39:32.0820000Z
379,0.7771608829498291,0.8082788671023965,,,,,,,,2026-09-21T00:39:34.4600000Z
380,0.6530905961990356,0.835820895522388,,,,,,,,2026-09-21T00:39:35.6760000Z
381,0.771876335144043,0.8284789644012945,,,,,,,,2026-09-21T00:39:36.8590000Z
382,1.3816394805908203,0.6703499079189686,,,,,,,,2026-09-21T00:39:38.1650000Z
383,0.26741117238998413,0.9388235294117647,,,,,,,,2026-09-21T00:39:39.3440000Z
384,0.395658403635025,0.9145299145299145,,,,,,,,2026-09-21T00:39:40.5560000Z
385,0.20921869575977325,0.954983922829582,,,,,,,,2026-09-21T00:39:41.7390000Z
386,0.11221954226493835,0.9654377880184332,,,,,,,,2026-09-21T00:39:45.6640000Z
387,0.0011416939087212086,1,,,,,,,,2026-09-21T00:39:46.8410000Z
388,0.01744292676448822,0.9981718464351006,,,,,,,,2026-09-21T00:39:48.0700000Z
389,0.07972262054681778,0.9774436090225563,,,,,,,,2026-09-21T00:39:49.2460000Z
390,0.6064034104347229,0.8421807747489239,,,,,,,,2026-09-21T00:39:50.4620000Z
391,0.8428652882575989,0.780564263322884,,,,,,,,2026-09-21T00:39:51.6540000Z
392,0.4755588471889496,0.8621495327102804,,,,,,,,2026-09-21T00:39:52.8700000Z
393,0.14688637852668762,0.9694656488549618,,,,,,,,2026-09-21T00:39:54.0530000Z
394,0.054312266409397125,0.9873737373737373,,,,,,,,2026-09-21T00:39:55.2620000Z
395,0.9688721895217896,0.75,,,,,,,,2026-09-21T00:39:57.0580000Z
396,0.8800725340843201,0.7850877192982456,,,,,,,,2026-09-21T00:39:57.9850000Z
397,0.15611036121845245,0.9588744588744589,,,,,,,,2026-09-21T00:39:59.1950000Z
398,0.09531693160533905,0.9639065817409767,,,,,,,,2026-09-21T00:40:00.4330000Z
399,0.14332790672779083,0.9664429530201343,,,,,,,,2026-09-21T00:40:01.6100000Z
400,0.1189839318394661,0.9572649572649573,,0.0004524331343801398,1,,,,,2026-09-21T00:40:06.8750000Z
401,0.27705368399620056,0.9263959390862944,,,,,,,,2026-09-21T00:40:09.1010000Z
402,1.0263503789901733,0.7558139534883721,,,,,,,,2026-09-21T00:40:10.5850000Z
403,0.4544074237346649,0.8827433628318584,,,,,,,,2026-09-21T00:40:11.4640000Z
404,0.3188425898551941,0.9211908931698775,,,,,,,,2026-09-21T00:40:12.6560000Z
405,1.0988287925720215,0.7440273037542662,,,,,,,,2026-09-21T00:40:13.8350000Z
406,0.04526937007904053,0.986046511627907,,,,,,,,2026-09-21T00:40:15.0410000Z
407,0.05753730982542038,0.9841269841269841,,,,,,,,2026-09-21T00:40:16.2270000Z
408,0.12849268317222595,0.96415770609319,,,,,,,,2026-09-21T00:40:18.0090000Z
409,0.008194576017558575,1,,,,,,,,2026-09-21T00:40:21.2980000Z
410,0.004928993992507458,0.9965753424657534,,,,,,,,2026-09-21T00:40:22.4810000Z
411,0.15089033544063568,0.9515706806282722,,,,,,,,2026-09-21T00:40:25.7600000Z
412,1.2609761953353882,0.7569832402234636,,,,,,,,2026-09-21T00:40:29.6480000Z
413,0.0019334704848006368,1,,,,,,,,2026-09-21T00:40:30.8450000Z
414,0.035137906670570374,0.9923857868020305,,,,,,,,2026-09-21T00:40:32.0210000Z
415,0.00033432713826186955,1,,,,,,,,2026-09-21T00:40:33.2100000Z
416,1.060958743095398,0.7526690391459074,,,,,,,,2026-09-21T00:40:34.3920000Z
417,0.20688340067863464,0.9376657824933687,,,,,,,,2026-09-21T00:40:35.8700000Z
418,0.18368865549564362,0.9541484716157205,,,,,,,,2026-09-21T00:40:37.0370000Z
419,0.6878776550292969,0.8509719222462203,,,,,,,,2026-09-21T00:40:38.2270000Z
420,0.00038909912109375,1,,,,,,,,2026-09-21T00:40:39.4080000Z
421,0.6946709752082825,0.8373751783166904,,,,,,,,2026-09-21T00:40:40.9240000Z
422,0.4018080234527588,0.9212454212454212,,,,,,,,2026-09-21T00:40:42.1090000Z
423,0.007839678786695004,0.9977728285077951,,,,,,,,2026-09-21T00:40:43.3310000Z
424,0.660629153251648,0.8471074380165289,,,,,,,,2026-09-21T00:40:45.7100000Z
425,0.01769041270017624,0.9938461538461538,,,,,,,,2026-09-21T00:40:46.8860000Z
426,0.06121304631233215,0.9861932938856016,,,,,,,,2026-09-21T00:40:48.0960000Z
427,0.02657531388103962,0.9945205479452055,,,,,,,,2026-09-21T00:40:49.3040000Z
428,0.01515354122966528,1,,,,,,,,2026-09-21T00:40:50.4840000Z
429,0.03538748249411583,0.9882352941176471,,,,,,,,2026-09-21T00:40:52.2640000Z
430,0.059908777475357056,0.9879759519038076,,,,,,,,2026-09-21T00:40:53.1520000Z
431,0.8306142091751099,0.805352798053528,,,,,,,,2026-09-21T00:40:54.3480000Z
432,0.7723618745803833,0.8275862068965517,,,,,,,,2026-09-21T00:40:55.5370000Z
433,0.07479029893875122,0.9788732394366197,,,,,,,,2026-09-21T00:40:56.7360000Z
434,0.00025295442901551723,1,,,,,,,,2026-09-21T00:40:57.9130000Z
435,0.044619109481573105,0.9830508474576272,,,,,,,,2026-09-21T00:40:59.1090000Z
436,0.04744235798716545,0.9839080459770115,,,,,,,,2026-09-21T00:41:00.9160000Z
437,0.009936635382473469,0.9970326409495549,,,,,,,,2026-09-21T00:41:01.8400000Z
438,0.19770106673240662,0.9454545454545454,,,,,,,,2026-09-21T00:41:03.0200000Z
439,0.556671679019928,0.8669623059866962,,,,,,,,2026-09-21T00:41:04.2040000Z
440,0.045183803886175156,0.9914529914529915,,,,,,,,2026-09-21T00:41:05.3940000Z
441,1.3191252946853638,0.6643598615916955,,,,,,,,2026-09-21T00:41:06.5740000Z
442,1.2661147117614746,0.7126865671641791,,,,,,,,2026-09-21T00:41:11.0500000Z
443,0.1896159052848816,0.9464788732394366,,,,,,,,2026-09-21T00:41:12.8290000Z
444,0.9267350435256958,0.7890410958904109,,,,,,,,2026-09-21T00:41:13.7150000Z
445,0.0054725236259400845,0.9964285714285714,,,,,,,,2026-09-21T00:41:14.9280000Z
446,0.0023517701774835587,1,,,,,,,,2026-09-21T00:41:16.1150000Z
447,0.6655279397964478,0.849438202247191,,,,,,,,2026-09-21T00:41:17.3150000Z
448,0.05030199512839317,0.9894736842105263,,,,,,,,2026-09-21T00:41:18.8010000Z
449,0.27433088421821594,0.9243323442136498,,,,,,,,2026-09-21T00:41:19.9750000Z
450,0.017383450642228127,0.9958847736625515,,,,,,,,2026-09-21T00:41:21.1480000Z
451,0.025613149628043175,0.9975845410628019,,,,,,,,2026-09-21T00:41:22.3240000Z
452,0.19775071740150452,0.9585987261146497,,,,,,,,2026-09-21T00:41:23.5180000Z
453,0.0019736713729798794,1,,,,,,,,2026-09-21T00:41:25.0030000Z
454,0.09418755769729614,0.9720430107526882,,,,,,,,2026-09-21T00:41:26.1730000Z
455,0.0023233701940625906,1,,,,,,,,2026-09-21T00:41:27.3720000Z
456,0.05459355562925339,0.9861495844875346,,,,,,,,2026-09-21T00:41:28.5530000Z
457,0.022936131805181503,0.9948586118251928,,,,,,,,2026-09-21T00:41:29.7360000Z
458,0.6503685116767883,0.8410041841004184,,,,,,,,2026-09-21T00:41:31.2150000Z
459,0.33641037344932556,0.9062068965517242,,,,,,,,2026-09-21T00:41:32.3940000Z
460,0.2577574849128723,0.9349206349206349,,,,,,,,2026-09-21T00:41:35.7070000Z
461,0.13064776360988617,0.9631490787269682,,,,,,,,2026-09-21T00:41:36.8950000Z
462,0.9656108021736145,0.7808988764044944,,,,,,,,2026-09-21T00:41:38.0740000Z
463,0.4251689612865448,0.8945969884853853,,,,,,,,2026-09-21T00:41:39.5560000Z
464,0.5213136076927185,0.8778054862842892,,,,,,,,2026-09-21T00:41:40.7660000Z
465,0.352809339761734,0.8947368421052632,,,,,,,,2026-09-21T00:41:41.9860000Z
466,0.07475560158491135,0.9770773638968482,,,,,,,,2026-09-21T00:41:43.1700000Z
467,0.0006418001721613109,1,,,,,,,,2026-09-21T00:41:44.3560000Z
468,0.14170166850090027,0.9527896995708155,,,,,,,,2026-09-21T00:41:45.5690000Z
469,0.3108299672603607,0.9320113314447592,,,,,,,,2026-09-21T00:41:47.0930000Z
470,0.5997828841209412,0.8658536585365854,,,,,,,,2026-09-21T00:41:48.2700000Z
471,0.19806355237960815,0.9547413793103449,,,,,,,,2026-09-21T00:41:49.4470000Z
472,0.005047450307756662,1,,,,,,,,2026-09-21T00:41:50.6680000Z
473,0.43532130122184753,0.8957983193277311,,,,,,,,2026-09-21T00:41:51.8520000Z
474,0.022671908140182495,0.9943820224719101,,,,,,,,2026-09-21T00:41:53.0480000Z
475,0.9116684198379517,0.7783417935702199,,,,,,,,2026-09-21T00:41:54.8280000Z
476,0.09031634032726288,0.963855421686747,,,,,,,,2026-09-21T00:41:55.7610000Z
477,0.26498544216156006,0.925414364640884,,,,,,,,2026-09-21T00:41:57.5620000Z
478,0.00022206918220035732,1,,,,,,,,2026-09-21T00:41:59.0760000Z
479,0.10101606696844101,0.9714964370546318,,,,,,,,2026-09-21T00:41:59.9750000Z
480,0.00022510255803354084,1,,,,,,,,2026-09-21T00:42:01.1520000Z
481,0.08384731411933899,0.9769911504424779,,,,,,,,2026-09-21T00:42:02.3370000Z
482,0.5659554600715637,0.8519480519480519,,,,,,,,2026-09-21T00:42:05.9200000Z
483,0.0009305095300078392,1,,,,,,,,2026-09-21T00:42:07.0990000Z
484,0.5864426493644714,0.8477508650519031,,,,,,,,2026-09-21T00:42:08.5840000Z
485,0.18583232164382935,0.9604651162790697,,,,,,,,2026-09-21T00:42:09.7900000Z
486,0.0034279488027095795,0.996309963099631,,,,,,,,2026-09-21T00:42:10.9880000Z
487,0.6410848498344421,0.8365853658536585,,,,,,,,2026-09-21T00:42:12.2110000Z
488,0.8325144052505493,0.775330396475771,,,,,,,,2026-09-21T00:42:13.3950000Z
489,0.13324853777885437,0.9625246548323472,,,,,,,,2026-09-21T00:42:14.6070000Z
490,0.11604534834623337,0.9647577092511013,,,,,,,,2026-09-21T00:42:15.8010000Z
491,0.5453159809112549,0.8365817091454273,,,,,,,,2026-09-21T00:42:19.4180000Z
492,0.0016034841537475586,1,,,,,,,,2026-09-21T00:42:20.6070000Z
493,0.6565825343132019,0.8416988416988417,,,,,,,,2026-09-21T00:42:21.8160000Z
494,0.10264287889003754,0.9747634069400631,,,,,,,,2026-09-21T00:42:23.0250000Z
495,0.03999631851911545,0.9947368421052631,,,,,,,,2026-09-21T00:42:24.8420000Z
496,0.12051380425691605,0.9649595687331537,,,,,,,,2026-09-21T00:42:25.7400000Z
497,0.5493226051330566,0.8664259927797834,,,,,,,,2026-09-21T00:42:26.9210000Z
498,0.005499792285263538,0.9968944099378882,,,,,,,,2026-09-21T00:42:28.1170000Z
499,0.44675517082214355,0.9,,,,,,,,2026-09-21T00:42:30.1990000Z
500,0.4320240318775177,0.8837837837837837,,0.27474076077241755,0.9286675639300135,,,,,2026-09-21T00:42:33.9290000Z
501,0.3372730612754822,0.9011164274322169,,,,,,,,2026-09-21T00:42:35.5700000Z
502,0.47492560744285583,0.8877005347593583,,,,,,,,2026-09-21T00:42:37.0500000Z
503,0.8773969411849976,0.8003913894324853,,,,,,,,2026-09-21T00:42:40.6520000Z
504,0.24041269719600677,0.9255455712451861,,,,,,,,2026-09-21T00:42:41.8340000Z
505,0.8833803534507751,0.765379113018598,,,,,,,,2026-09-21T00:42:45.4170000Z
506,0.3811394274234772,0.9033149171270718,,,,,,,,2026-09-21T00:42:46.6050000Z
507,0.026672767475247383,0.9975669099756691,,,,,,,,2026-09-21T00:42:47.8110000Z
508,0.452356219291687,0.8775510204081632,,,,,,,,2026-09-21T00:42:48.9950000Z
509,0.1525314897298813,0.9691943127962085,,,,,,,,2026-09-21T00:42:50.2080000Z
510,0.5270509123802185,0.8798283261802575,,,,,,,,2026-09-21T00:42:51.4110000Z
511,1.2147401571273804,0.7609756097560976,,,,,,,,2026-09-21T00:42:55.0020000Z
512,0.08071889728307724,0.9785407725321889,,,,,,,,2026-09-21T00:42:56.1890000Z
513,0.2264566719532013,0.9439655172413793,,,,,,,,2026-09-21T00:42:58.2640000Z
514,0.4509664475917816,0.8874773139745916,,,,,,,,2026-09-21T00:42:58.8970000Z
515,0.01810004748404026,0.9960629921259843,,,,,,,,2026-09-21T00:43:00.6610000Z
516,0.7827715277671814,0.8031746031746032,,,,,,,,2026-09-21T00:43:01.8490000Z
517,0.0002549390774220228,1,,,,,,,,2026-09-21T00:43:03.0280000Z
518,0.10632383078336716,0.9664948453608248,,,,,,,,2026-09-21T00:43:04.2350000Z
519,0.29280027747154236,0.9244712990936556,,,,,,,,2026-09-21T00:43:05.4440000Z
520,0.41548028588294983,0.8957528957528957,,,,,,,,2026-09-21T00:43:09.3610000Z
521,0.024159176275134087,0.9922680412371134,,,,,,,,2026-09-21T00:43:10.5770000Z
522,0.00024306152772624046,1,,,,,,,,2026-09-21T00:43:11.7950000Z
523,0.4052468240261078,0.9095394736842105,,,,,,,,2026-09-21T00:43:13.0060000Z
524,1.038985252380371,0.7259414225941423,,,,,,,,2026-09-21T00:43:14.2160000Z
525,0.6378627419471741,0.8409090909090909,,,,,,,,2026-09-21T00:43:15.4350000Z
526,0.003831322304904461,1,,,,,,,,2026-09-21T00:43:16.6520000Z
527,0.0004360514576546848,1,,,,,,,,2026-09-21T00:43:17.8320000Z
528,0.09671084582805634,0.9801192842942346,,,,,,,,2026-09-21T00:43:19.3080000Z
529,1.232898473739624,0.7539936102236422,,,,,,,,2026-09-21T00:43:22.8880000Z
530,0.03355880081653595,0.9881656804733728,,,,,,,,2026-09-21T00:43:24.0630000Z
531,0.10685214400291443,0.9712041884816754,,,,,,,,2026-09-21T00:43:25.2820000Z
532,0.0010364882182329893,1,,,,,,,,2026-09-21T00:43:26.4640000Z
533,0.3060595989227295,0.9117983963344788,,,,,,,,2026-09-21T00:43:30.3770000Z
534,0.08432615548372269,0.9876543209876543,,,,,,,,2026-09-21T00:43:31.5480000Z
535,0.014949476346373558,0.9966887417218543,,,,,,,,2026-09-21T00:43:32.7470000Z
536,0.03282704949378967,0.987987987987988,,,,,,,,2026-09-21T00:43:33.9220000Z
537,0.00025103226653300226,1,,,,,,,,2026-09-21T00:43:35.1050000Z
538,1.0475999116897583,0.7420417124039517,,,,,,,,2026-09-21T00:43:36.2780000Z
539,0.08690214902162552,0.9623115577889447,,,,,,,,2026-09-21T00:43:37.7900000Z
540,0.7413426637649536,0.8166311300639659,,,,,,,,2026-09-21T00:43:38.9740000Z
541,0.4700458347797394,0.8909774436090225,,,,,,,,2026-09-21T00:43:40.1550000Z
542,0.3614625632762909,0.9126984126984127,,,,,,,,2026-09-21T00:43:41.3750000Z
543,0.002472903812304139,1,,,,,,,,2026-09-21T00:43:44.9560000Z
544,0.2559512257575989,0.9317738791423001,,,,,,,,2026-09-21T00:43:46.1750000Z
545,0.6011427640914917,0.8514056224899599,,,,,,,,2026-09-21T00:43:47.3840000Z
546,0.39315488934516907,0.8947368421052632,,,,,,,,2026-09-21T00:43:48.5580000Z
547,0.0008406651322729886,1,,,,,,,,2026-09-21T00:43:49.7410000Z
548,0.07135729491710663,0.9779874213836478,,,,,,,,2026-09-21T00:43:50.9150000Z
549,0.0003214989847037941,1,,,,,,,,2026-09-21T00:43:52.4210000Z
550,0.013877651654183865,0.9966555183946488,,,,,,,,2026-09-21T00:43:53.6030000Z
551,0.00032708037178963423,1,,,,,,,,2026-09-21T00:43:54.7950000Z
552,0.05241034924983978,0.9853801169590644,,,,,,,,2026-09-21T00:43:55.9820000Z
553,0.0536113940179348,0.9822834645669292,,,,,,,,2026-09-21T00:43:57.1660000Z
554,0.9584124684333801,0.7531865585168018,,,,,,,,2026-09-21T00:44:01.0820000Z
555,0.22715973854064941,0.94896331738437,,,,,,,,2026-09-21T00:44:02.2700000Z
556,0.4212234914302826,0.8873626373626373,,,,,,,,2026-09-21T00:44:03.4620000Z
557,0.138963520526886,0.9616438356164384,,,,,,,,2026-09-21T00:44:04.6360000Z
558,0.002141276840120554,1,,,,,,,,2026-09-21T00:44:05.8130000Z
559,0.38610324263572693,0.9198606271777003,,,,,,,,2026-09-21T00:44:07.2980000Z
560,0.823290228843689,0.8260869565217391,,,,,,,,2026-09-21T00:44:08.4770000Z
561,0.0017442334210500121,1,,,,,,,,2026-09-21T00:44:09.6560000Z
562,0.3664945065975189,0.9027777777777778,,,,,,,,2026-09-21T00:44:10.8430000Z
563,0.004134193994104862,0.9976580796252927,,,,,,,,2026-09-21T00:44:12.6210000Z
564,0.27527326345443726,0.924865831842576,,,,,,,,2026-09-21T00:44:13.5060000Z
565,0.3858109712600708,0.9054054054054054,,,,,,,,2026-09-21T00:44:14.6880000Z
566,0.24709056317806244,0.9493392070484582,,,,,,,,2026-09-21T00:44:15.8640000Z
567,0.019769180566072464,0.9943181818181818,,,,,,,,2026-09-21T00:44:17.6480000Z
568,0.20204570889472961,0.9432098765432099,,,,,,,,2026-09-21T00:44:18.5630000Z
569,0.0017498579109087586,1,,,,,,,,2026-09-21T00:44:19.7440000Z
570,0.0027418439276516438,1,,,,,,,,2026-09-21T00:44:20.9470000Z
571,0.870028555393219,0.7939778129952456,,,,,,,,2026-09-21T00:44:22.7320000Z
572,0.1552855223417282,0.9610778443113772,,,,,,,,2026-09-21T00:44:23.6270000Z
573,0.3142152428627014,0.9387755102040817,,,,,,,,2026-09-21T00:44:24.6640000Z
574,0.5810918807983398,0.8796680497925311,,,,,,,,2026-09-21T00:44:32.5860000Z
575,0.6856557726860046,0.8568181818181818,,,,,,,,2026-09-21T00:44:33.4780000Z
576,0.01136972475796938,0.9965635738831615,,,,,,,,2026-09-21T00:44:34.6530000Z
577,0.4686644971370697,0.8868274582560297,,,,,,,,2026-09-21T00:44:35.8300000Z
578,1.055977702140808,0.7536231884057971,,,,,,,,2026-09-21T00:44:37.0050000Z
579,0.7992420792579651,0.7988929889298892,,,,,,,,2026-09-21T00:44:38.4800000Z
580,0.01641855202615261,1,,,,,,,,2026-09-21T00:44:39.6680000Z
581,0.00027591458638198674,1,,,,,,,,2026-09-21T00:44:40.8500000Z
582,0.000204700612812303,1,,,,,,,,2026-09-21T00:44:42.0300000Z
583,1.2885589599609375,0.7470997679814385,,,,,,,,2026-09-21T00:44:43.5120000Z
584,0.03669145330786705,0.9840764331210191,,,,,,,,2026-09-21T00:44:44.6890000Z
585,0.005727825220674276,0.9972677595628415,,,,,,,,2026-09-21T00:44:45.9020000Z
586,0.22698242962360382,0.9339019189765458,,,,,,,,2026-09-21T00:44:47.1130000Z
587,1.1428807973861694,0.7162346521145976,,,,,,,,2026-09-21T00:44:48.2920000Z
588,0.7712708711624146,0.8038194444444444,,,,,,,,2026-09-21T00:44:49.4780000Z
589,1.0432960987091064,0.7431111111111111,,,,,,,,2026-09-21T00:44:53.3530000Z
590,0.266532301902771,0.9336650082918739,,,,,,,,2026-09-21T00:44:54.5360000Z
591,0.5668942928314209,0.8434237995824635,,,,,,,,2026-09-21T00:44:55.7120000Z
592,0.25250834226608276,0.9226932668329177,,,,,,,,2026-09-21T00:44:56.8990000Z
593,1.071681261062622,0.7558886509635975,,,,,,,,2026-09-21T00:44:58.1110000Z
594,0.005618540104478598,0.9969325153374233,,,,,,,,2026-09-21T00:44:59.6210000Z
595,0.3890765905380249,0.9057750759878419,,,,,,,,2026-09-21T00:45:00.7930000Z
596,0.09094466269016266,0.9711934156378601,,,,,,,,2026-09-21T00:45:01.9710000Z
597,1.3416346311569214,0.6736111111111112,,,,,,,,2026-09-21T00:45:03.1490000Z
598,0.0011444943957030773,1,,,,,,,,2026-09-21T00:45:06.7240000Z
599,0.07575872540473938,0.9820971867007673,,,,,,,,2026-09-21T00:45:08.2000000Z
600,0.28686046600341797,0.9305555555555556,,0.3304334917980909,0.908256880733945,,,,,2026-09-21T00:45:12.5230000Z
601,0.05643704906105995,0.9796747967479674,,,,,,,,2026-09-21T00:45:16.2520000Z
602,0.07261291146278381,0.9879227053140096,,,,,,,,2026-09-21T00:45:17.4340000Z
603,0.20062638819217682,0.9440559440559441,,,,,,,,2026-09-21T00:45:21.0160000Z
604,0.2578390836715698,0.9158200290275762,,,,,,,,2026-09-21T00:45:22.2030000Z
605,0.6850926280021667,0.8317152103559871,,,,,,,,2026-09-21T00:45:23.3810000Z
606,0.6951752305030823,0.8275261324041812,,,,,,,,2026-09-21T00:45:24.8730000Z
607,0.061506010591983795,0.9837662337662337,,,,,,,,2026-09-21T00:45:26.0480000Z
608,0.3933447599411011,0.9126853377265239,,,,,,,,2026-09-21T00:45:27.2350000Z
609,0.08072634786367416,0.9774266365688488,,,,,,,,2026-09-21T00:45:28.4140000Z
610,0.014972742646932602,0.9963636363636363,,,,,,,,2026-09-21T00:45:29.5970000Z
611,0.00020389042038004845,1,,,,,,,,2026-09-21T00:45:31.1220000Z
612,0.038785044103860855,0.9924812030075187,,,,,,,,2026-09-21T00:45:32.3030000Z
613,0.4768352508544922,0.8516809492419248,,,,,,,,2026-09-21T00:45:35.9110000Z
614,0.09694401919841766,0.9720930232558139,,,,,,,,2026-09-21T00:45:37.0980000Z
615,0.13989408314228058,0.9772079772079773,,,,,,,,2026-09-21T00:45:38.3060000Z
616,0.2525293827056885,0.9328165374677002,,,,,,,,2026-09-21T00:45:39.4840000Z
617,0.00014295030268840492,1,,,,,,,,2026-09-21T00:45:40.9910000Z
618,0.00020145572489127517,1,,,,,,,,2026-09-21T00:45:42.1670000Z
619,0.00016106970724649727,1,,,,,,,,2026-09-21T00:45:43.3520000Z
620,0.41559404134750366,0.8838526912181303,,,,,,,,2026-09-21T00:45:44.5380000Z
621,0.8949970602989197,0.8004587155963303,,,,,,,,2026-09-21T00:45:46.0140000Z
622,0.48690468072891235,0.8652482269503546,,,,,,,,2026-09-21T00:45:47.2080000Z
623,0.13040384650230408,0.964975845410628,,,,,,,,2026-09-21T00:45:50.7910000Z
624,0.712000846862793,0.814625850340136,,,,,,,,2026-09-21T00:45:51.9700000Z
625,0.008430925197899342,0.9963636363636363,,,,,,,,2026-09-21T00:45:53.1470000Z
626,0.930530846118927,0.765625,,,,,,,,2026-09-21T00:45:54.6430000Z
627,0.0002908289316110313,1,,,,,,,,2026-09-21T00:45:55.8320000Z
628,0.3396915793418884,0.9003378378378378,,,,,,,,2026-09-21T00:45:57.0300000Z
629,0.19401389360427856,0.9558823529411765,,,,,,,,2026-09-21T00:45:58.5230000Z
630,0.09558730572462082,0.9628975265017667,,,,,,,,2026-09-21T00:45:59.7340000Z
631,0.4020109176635742,0.9090909090909091,,,,,,,,2026-09-21T00:46:00.9170000Z
632,0.017989015206694603,0.9895470383275261,,,,,,,,2026-09-21T00:46:02.0940000Z
633,0.11723600327968597,0.9644670050761421,,,,,,,,2026-09-21T00:46:03.8750000Z
634,0.6823915243148804,0.8177083333333334,,,,,,,,2026-09-21T00:46:04.7720000Z
635,0.07031900435686111,0.9787234042553191,,,,,,,,2026-09-21T00:46:05.9500000Z
636,0.00019489717669785023,1,,,,,,,,2026-09-21T00:46:07.1450000Z
637,1.3404221534729004,0.6948424068767909,,,,,,,,2026-09-21T00:46:08.3300000Z
638,0.008625454269349575,0.9969135802469136,,,,,,,,2026-09-21T00:46:10.1200000Z
639,0.45992541313171387,0.9,,,,,,,,2026-09-21T00:46:11.0370000Z
640,0.043500855565071106,0.9921414538310412,,,,,,,,2026-09-21T00:46:12.2280000Z
641,0.06919918209314346,0.9824175824175824,,,,,,,,2026-09-21T00:46:13.4380000Z
642,0.527553379535675,0.8707865168539326,,,,,,,,2026-09-21T00:46:14.6110000Z
643,1.1321765184402466,0.7525252525252525,,,,,,,,2026-09-21T00:46:15.8020000Z
644,0.2642296552658081,0.932806324110672,,,,,,,,2026-09-21T00:46:17.3180000Z
645,0.13364411890506744,0.9562624254473161,,,,,,,,2026-09-21T00:46:18.5020000Z
646,0.5180717706680298,0.8606870229007634,,,,,,,,2026-09-21T00:46:19.7000000Z
647,0.24869908392429352,0.9453551912568307,,,,,,,,2026-09-21T00:46:20.8840000Z
648,0.00022766742040403187,1,,,,,,,,2026-09-21T00:46:22.0660000Z
649,0.7417259216308594,0.8238255033557047,,,,,,,,2026-09-21T00:46:23.5510000Z
650,0.8355284929275513,0.806060606060606,,,,,,,,2026-09-21T00:46:24.7410000Z
651,0.7021404504776001,0.8261904761904761,,,,,,,,2026-09-21T00:46:25.9150000Z
652,1.436428427696228,0.6247443762781186,,,,,,,,2026-09-21T00:46:27.0960000Z
653,0.2248339056968689,0.9362549800796812,,,,,,,,2026-09-21T00:46:28.5790000Z
654,0.9523195028305054,0.7616580310880829,,,,,,,,2026-09-21T00:46:29.7610000Z
655,0.031129363924264908,0.9929078014184397,,,,,,,,2026-09-21T00:46:30.9390000Z
656,0.15129637718200684,0.9607438016528925,,,,,,,,2026-09-21T00:46:32.1200000Z
657,0.9492976665496826,0.7836185819070904,,,,,,,,2026-09-21T00:46:36.2960000Z
658,0.319770872592926,0.9135514018691588,,,,,,,,2026-09-21T00:46:37.1850000Z
659,0.1166367158293724,0.9642857142857143,,,,,,,,2026-09-21T00:46:38.3710000Z
660,0.0002516399836167693,1,,,,,,,,2026-09-21T00:46:39.5510000Z
661,0.7992702126502991,0.8048192771084337,,,,,,,,2026-09-21T00:46:41.0370000Z
662,0.2975998520851135,0.9149855907780979,,,,,,,,2026-09-21T00:46:44.9220000Z
663,0.36052587628364563,0.9183303085299456,,,,,,,,2026-09-21T00:46:45.8110000Z
664,1.2011116743087769,0.717948717948718,,,,,,,,2026-09-21T00:46:47.0240000Z
665,0.00028207225841470063,1,,,,,,,,2026-09-21T00:46:48.2460000Z
666,0.42786386609077454,0.9101123595505618,,,,,,,,2026-09-21T00:46:49.4210000Z
667,0.0001713245001155883,1,,,,,,,,2026-09-21T00:46:50.6240000Z
668,0.35816991329193115,0.9083333333333333,,,,,,,,2026-09-21T00:46:51.8120000Z
669,0.08224556595087051,0.9815950920245399,,,,,,,,2026-09-21T00:46:53.2900000Z
670,0.7827891707420349,0.7944664031620553,,,,,,,,2026-09-21T00:46:54.4710000Z
671,0.0011112778447568417,1,,,,,,,,2026-09-21T00:46:55.6530000Z
672,0.00017728922830428928,1,,,,,,,,2026-09-21T00:46:56.8410000Z
673,0.32983091473579407,0.910828025477707,,,,,,,,2026-09-21T00:46:58.0260000Z
674,0.2605043947696686,0.9368279569892473,,,,,,,,2026-09-21T00:47:00.4180000Z
675,0.0009642234072089195,1,,,,,,,,2026-09-21T00:47:01.8940000Z
676,0.13808652758598328,0.9564164648910412,,,,,,,,2026-09-21T00:47:03.0740000Z
677,0.08760817348957062,0.9732142857142857,,,,,,,,2026-09-21T00:47:04.2820000Z
678,0.0813731923699379,0.9839080459770115,,,,,,,,2026-09-21T00:47:05.4720000Z
679,0.04905928298830986,0.9895397489539749,,,,,,,,2026-09-21T00:47:06.6600000Z
680,0.3069324195384979,0.9126984126984127,,,,,,,,2026-09-21T00:47:07.8360000Z
681,0.7568433880805969,0.8109090909090909,,,,,,,,2026-09-21T00:47:09.6200000Z
682,0.7616416215896606,0.8165548098434005,,,,,,,,2026-09-21T00:47:10.5090000Z
683,0.20043332874774933,0.9406593406593406,,,,,,,,2026-09-21T00:47:11.6910000Z
684,0.07644180953502655,0.9832535885167464,,,,,,,,2026-09-21T00:47:12.9140000Z
685,0.6933749914169312,0.8117088607594937,,,,,,,,2026-09-21T00:47:14.0920000Z
686,0.7848398685455322,0.8328877005347594,,,,,,,,2026-09-21T00:47:15.2890000Z
687,0.8692092895507812,0.7777777777777778,,,,,,,,2026-09-21T00:47:16.7800000Z
688,0.26670530438423157,0.9353448275862069,,,,,,,,2026-09-21T00:47:17.9830000Z
689,0.19123388826847076,0.9465346534653465,,,,,,,,2026-09-21T00:47:19.1690000Z
690,0.014170746318995953,0.9947643979057592,,,,,,,,2026-09-21T00:47:20.3490000Z
691,0.054738592356443405,0.9795501022494888,,,,,,,,2026-09-21T00:47:21.8270000Z
692,0.22119811177253723,0.9459459459459459,,,,,,,,2026-09-21T00:47:22.9970000Z
693,0.09748313575983047,0.9758308157099698,,,,,,,,2026-09-21T00:47:24.1970000Z
694,1.0600422620773315,0.7697368421052632,,,,,,,,2026-09-21T00:47:25.3820000Z
695,0.6673681735992432,0.8415637860082305,,,,,,,,2026-09-21T00:47:26.5740000Z
696,0.0001419665786670521,1,,,,,,,,2026-09-21T00:47:28.0660000Z
697,0.007943998090922832,0.9968253968253968,,,,,,,,2026-09-21T00:47:29.2710000Z
698,0.2976745069026947,0.9362745098039216,,,,,,,,2026-09-21T00:47:30.4550000Z
699,0.04251872003078461,0.9869451697127938,,,,,,,,2026-09-21T00:47:31.6410000Z
700,0.5399509072303772,0.8665568369028006,,0.9758140495955654,0.7763371150729336,,,,,2026-09-21T00:47:36.2540000Z
701,0.020685652270913124,0.9958677685950413,,,,,,,,2026-09-21T00:47:38.7930000Z
702,0.021544840186834335,0.9922680412371134,,,,,,,,2026-09-21T00:47:39.9720000Z
703,0.07372444868087769,0.9819694868238558,,,,,,,,2026-09-21T00:47:41.1660000Z
704,0.0013803450856357813,1,,,,,,,,2026-09-21T00:47:42.3530000Z
705,0.0317784808576107,0.9909365558912386,,,,,,,,2026-09-21T00:47:43.5290000Z
706,0.9117341041564941,0.7623318385650224,,,,,,,,2026-09-21T00:47:47.1160000Z
707,0.0001080718357115984,1,,,,,,,,2026-09-21T00:47:48.2930000Z
708,0.008979694917798042,0.9940476190476191,,,,,,,,2026-09-21T00:47:50.0730000Z
709,0.9221126437187195,0.8153681963713981,,,,,,,,2026-09-21T00:47:51.2510000Z
710,0.047322869300842285,0.9813084112149533,,,,,,,,2026-09-21T00:47:52.1430000Z
711,0.5808950662612915,0.8546059933407325,,,,,,,,2026-09-21T00:47:53.3320000Z
712,0.2185295969247818,0.9316239316239316,,,,,,,,2026-09-21T00:47:54.5130000Z
713,0.06505126506090164,0.986046511627907,,,,,,,,2026-09-21T00:47:55.9960000Z
714,0.4360734224319458,0.8883610451306413,,,,,,,,2026-09-21T00:47:57.2140000Z
715,0.00025387751520611346,1,,,,,,,,2026-09-21T00:48:00.4930000Z
716,0.00010559684596955776,1,,,,,,,,2026-09-21T00:48:01.9750000Z
717,0.006391128990799189,1,,,,,,,,2026-09-21T00:48:03.1830000Z
718,0.7215652465820312,0.8357588357588358,,,,,,,,2026-09-21T00:48:04.3710000Z
719,0.8380314111709595,0.8264669163545568,,,,,,,,2026-09-21T00:48:05.5530000Z
720,0.0001412562996847555,1,,,,,,,,2026-09-21T00:48:06.7500000Z
721,0.007861991412937641,0.9976359338061466,,,,,,,,2026-09-21T00:48:07.9360000Z
722,0.2137448787689209,0.9506726457399103,,,,,,,,2026-09-21T00:48:09.7140000Z
723,0.0037558809854090214,0.9960159362549801,,,,,,,,2026-09-21T00:48:10.6030000Z
724,0.9623799324035645,0.8244853737811484,,,,,0.4281755717197518,0.8977164842852146,,2026-09-21T00:48:55.5310000Z
725,0.014620661735534668,0.9969604863221885,,,,,,,,2026-09-21T00:49:03.7250000Z
726,0.1407264769077301,0.9540983606557377,,,,,,,,2026-09-21T00:49:04.9120000Z
727,0.5898863077163696,0.8477611940298507,,,,,,,,2026-09-21T00:49:06.1180000Z
728,0.9051152467727661,0.791578947368421,,,,,,,,2026-09-21T00:49:07.3260000Z
729,0.013240254484117031,0.9950248756218906,,,,,,,,2026-09-21T00:49:08.5150000Z
730,0.3201529383659363,0.9181818181818182,,,,,,,,2026-09-21T00:49:10.0290000Z
731,0.15334434807300568,0.9601328903654485,,,,,,,,2026-09-21T00:49:11.2060000Z
732,0.6616325378417969,0.8157894736842105,,,,,,,,2026-09-21T00:49:12.3860000Z
733,0.9387786984443665,0.7443502824858758,,,,,,,,2026-09-21T00:49:13.5740000Z
734,0.3312782049179077,0.9257294429708223,,,,,,,,2026-09-21T00:49:14.7550000Z
735,0.6529529690742493,0.8261474269819193,,,,,,,,2026-09-21T00:49:16.2380000Z
736,1.1526691913604736,0.7407407407407407,,,,,,,,2026-09-21T00:49:17.4180000Z
737,0.09611436724662781,0.9825,,,,,,,,2026-09-21T00:49:18.6200000Z
738,0.6984878778457642,0.8116504854368932,,,,,,,,2026-09-21T00:49:19.7960000Z
739,1.3698190450668335,0.6961722488038278,,,,,,,,2026-09-21T00:49:21.2720000Z
740,0.0742504894733429,0.9761388286334056,,,,,,,,2026-09-21T00:49:22.4500000Z
741,0.013780268840491772,0.9972972972972973,,,,,,,,2026-09-21T00:49:23.6470000Z
742,0.16675907373428345,0.9588014981273408,,,,,,,,2026-09-21T00:49:25.1180000Z
743,0.3702053427696228,0.9017094017094017,,,,,,,,2026-09-21T00:49:26.3010000Z
744,0.1633780598640442,0.9492656875834445,,,,,,,,2026-09-21T00:49:27.5150000Z
745,0.24997098743915558,0.934,,,,,,,,2026-09-21T00:49:28.6970000Z
746,1.032751202583313,0.746218487394958,,,,,,,,2026-09-21T00:49:30.2090000Z
747,0.11719447374343872,0.9689737470167065,,,,,,,,2026-09-21T00:49:31.4000000Z
748,0.051856134086847305,0.9844054580896686,,,,,,,,2026-09-21T00:49:32.6090000Z
749,0.2678000032901764,0.9227166276346604,,,,,,,,2026-09-21T00:49:33.8230000Z
750,0.00027498704730533063,1,,,,,,,,2026-09-21T00:49:35.0090000Z
751,0.1803436279296875,0.958217270194986,,,,,,,,2026-09-21T00:49:36.7970000Z
752,0.18028536438941956,0.9551282051282052,,,,,,,,2026-09-21T00:49:37.6950000Z
753,0.04588010907173157,0.9859484777517564,,,,,,,,2026-09-21T00:49:38.9090000Z
754,0.08073873817920685,0.9826254826254827,,,,,,,,2026-09-21T00:49:40.0870000Z
755,0.6129530072212219,0.8461538461538461,,,,,,,,2026-09-21T00:49:41.8670000Z
756,0.04071836546063423,0.9862778730703259,,,,,,,,2026-09-21T00:49:42.7530000Z
757,0.06857830286026001,0.980836236933798,,,,,,,,2026-09-21T00:49:43.9530000Z
758,0.06260018050670624,0.9829683698296837,,,,,,,,2026-09-21T00:49:45.1360000Z
759,0.15516522526741028,0.9583333333333334,,,,,,,,2026-09-21T00:49:46.3140000Z
760,0.0568479485809803,0.9830508474576272,,,,,,,,2026-09-21T00:49:48.1150000Z
761,0.8244714140892029,0.8323529411764706,,,,,,,,2026-09-21T00:49:51.3980000Z
762,0.6359562277793884,0.8275261324041812,,,,,,,,2026-09-21T00:49:52.5760000Z
763,0.031874991953372955,0.9904534606205251,,,,,,,,2026-09-21T00:49:53.7560000Z
764,0.07427852600812912,0.9815303430079155,,,,,,,,2026-09-21T00:49:54.9380000Z
765,0.24722571671009064,0.931740614334471,,,,,,,,2026-09-21T00:49:56.7220000Z
766,0.0015780372777953744,1,,,,,,,,2026-09-21T00:49:57.6100000Z
767,0.8966229557991028,0.7667597765363129,,,,,,,,2026-09-21T00:49:58.7970000Z
768,0.7454692721366882,0.7941176470588235,,,,,,,,2026-09-21T00:49:59.9750000Z
769,0.0015193329891189933,1,,,,,,,,2026-09-21T00:50:01.1960000Z
770,0.2599447965621948,0.9328859060402684,,,,,,,,2026-09-21T00:50:02.6780000Z
771,0.07819627970457077,0.9771428571428571,,,,,,,,2026-09-21T00:50:03.8750000Z
772,0.03629682585597038,0.9930313588850174,,,,,,,,2026-09-21T00:50:05.0470000Z
773,0.02852204255759716,0.9904761904761905,,,,,,,,2026-09-21T00:50:06.2390000Z
774,0.031117813661694527,0.9883177570093458,,,,,,,,2026-09-21T00:50:07.7190000Z
775,0.19027583301067352,0.9536842105263158,,,,,,,,2026-09-21T00:50:08.8930000Z
776,0.3164695203304291,0.9121951219512195,,,,,,,,2026-09-21T00:50:10.0690000Z
777,0.0005111382342875004,1,,,,,,,,2026-09-21T00:50:11.2520000Z
778,0.08632819354534149,0.9738675958188153,,,,,,,,2026-09-21T00:50:12.4330000Z
779,0.11111120134592056,0.975975975975976,,,,,,,,2026-09-21T00:50:13.9220000Z
780,0.14669780433177948,0.968503937007874,,,,,,,,2026-09-21T00:50:15.0970000Z
781,0.5064684152603149,0.8594249201277955,,,,,,,,2026-09-21T00:50:16.2740000Z
782,0.6171458959579468,0.8393939393939394,,,,,,,,2026-09-21T00:50:17.4440000Z
783,1.2649695873260498,0.6916376306620209,,,,,,,,2026-09-21T00:50:19.5230000Z
784,0.13202665746212006,0.9663093415007658,,,,,,,,2026-09-21T00:50:20.1240000Z
785,0.2134808748960495,0.9448818897637795,,,,,,,,2026-09-21T00:50:21.5930000Z
786,0.0013359322911128402,1,,,,,,,,2026-09-21T00:50:23.1030000Z
787,0.16766691207885742,0.9617117117117117,,,,,,,,2026-09-21T00:50:24.2820000Z
788,0.14382174611091614,0.96875,,,,,,,,2026-09-21T00:50:25.5120000Z
789,0.15998035669326782,0.964200477326969,,,,,,,,2026-09-21T00:50:26.6910000Z
790,0.19320303201675415,0.9438775510204082,,,,,,,,2026-09-21T00:50:27.9070000Z
791,0.10365283489227295,0.9729272419627749,,,,,,,,2026-09-21T00:50:29.1030000Z
792,0.0002275407314300537,1,,,,,,,,2026-09-21T00:50:30.2970000Z
793,0.053568851202726364,0.98125,,,,,,,,2026-09-21T00:50:31.7990000Z
794,0.00012523143959697336,1,,,,,,,,2026-09-21T00:50:32.9950000Z
795,0.0025077774189412594,1,,,,,,,,2026-09-21T00:50:34.1780000Z
796,0.7229354381561279,0.8307692307692308,,,,,,,,2026-09-21T00:50:35.3610000Z
797,0.12740947306156158,0.9693486590038314,,,,,,,,2026-09-21T00:50:36.8510000Z
798,0.00014033936895430088,1,,,,,,,,2026-09-21T00:50:38.0370000Z
799,0.7877644896507263,0.806282722513089,,,,,,,,2026-09-21T00:50:39.2180000Z
800,0.0002834661863744259,1,,0.5269161604373391,0.89272030651341,,,,,2026-09-21T00:50:43.5400000Z
801,1.0485275983810425,0.711737089201878,,,,,,,,2026-09-21T00:50:45.4880000Z
802,0.2517073154449463,0.9281842818428184,,,,,,,,2026-09-21T00:50:46.6670000Z
803,0.008912517689168453,1,,,,,,,,2026-09-21T00:50:47.8480000Z
804,0.14808684587478638,0.9646017699115044,,,,,,,,2026-09-21T00:50:49.0320000Z
805,0.38576218485832214,0.9121495327102803,,,,,,,,2026-09-21T00:50:50.5060000Z
806,0.03531624376773834,0.9869451697127938,,,,,,,,2026-09-21T00:50:51.7200000Z
807,0.8973103165626526,0.7640449438202247,,,,,,,,2026-09-21T00:50:52.9330000Z
808,0.44753599166870117,0.8674242424242424,,,,,,,,2026-09-21T00:50:54.1410000Z
809,0.1594708114862442,0.9647577092511013,,,,,,,,2026-09-21T00:50:55.3610000Z
810,0.1711324006319046,0.9571045576407506,,,,,,,,2026-09-21T00:50:56.5460000Z
811,0.009664076380431652,0.997134670487106,,,,,,,,2026-09-21T00:50:58.0630000Z
812,0.38300156593322754,0.9053763440860215,,,,,,,,2026-09-21T00:50:59.2510000Z
813,0.37316030263900757,0.8961988304093568,,,,,,,,2026-09-21T00:51:00.4640000Z
814,0.25091928243637085,0.9216589861751152,,,,,,,,2026-09-21T00:51:01.6500000Z
815,0.029104918241500854,0.9894291754756871,,,,,,,,2026-09-21T00:51:02.8280000Z
816,0.38130250573158264,0.9186991869918699,,,,,,,,2026-09-21T00:51:04.0080000Z
817,0.4658120274543762,0.8721227621483376,,,,,,,,2026-09-21T00:51:05.4890000Z
818,0.49041104316711426,0.8774509803921569,,,,,,,,2026-09-21T00:51:06.6690000Z
819,0.16267257928848267,0.9558498896247241,,,,,,,,2026-09-21T00:51:07.8840000Z
820,0.10722076892852783,0.9789644012944984,,,,,,,,2026-09-21T00:51:09.0980000Z
821,0.1188599020242691,0.9570552147239264,,,,,,,,2026-09-21T00:51:10.5780000Z
822,0.9555983543395996,0.7717391304347826,,,,,,,,2026-09-21T00:51:11.7870000Z
823,0.00020431164011824876,1,,,,,,,,2026-09-21T00:51:13.0030000Z
824,0.002416621893644333,1,,,,,,,,2026-09-21T00:51:14.1890000Z
825,0.6348987221717834,0.8467532467532467,,,,,,,,2026-09-21T00:51:15.7060000Z
826,0.027780430391430855,0.9880597014925373,,,,,,,,2026-09-21T00:51:17.1940000Z
827,0.00033422932028770447,1,,,,,,,,2026-09-21T00:51:18.1160000Z
828,0.27689337730407715,0.9283819628647215,,,,,,,,2026-09-21T00:51:19.3060000Z
829,0.1482924371957779,0.9726027397260274,,,,,,,,2026-09-21T00:51:20.4910000Z
830,0.2031347155570984,0.9348314606741573,,,,,,,,2026-09-21T00:51:22.3160000Z
831,0.038913749158382416,0.9858012170385395,,,,,,,,2026-09-21T00:51:23.2060000Z
832,0.28868040442466736,0.9235181644359465,,,,,,,,2026-09-21T00:51:24.4410000Z
833,0.03578268736600876,0.989409984871407,,,,,,,,2026-09-21T00:51:25.6280000Z
834,0.18739795684814453,0.9402985074626866,,,,,,,,2026-09-21T00:51:26.8370000Z
835,0.004619638901203871,0.9973474801061007,,,,,,,,2026-09-21T00:51:28.0240000Z
836,0.8317351937294006,0.7869318181818182,,,,,,,,2026-09-21T00:51:30.1510000Z
837,1.2169132232666016,0.7145015105740181,,,,,,,,2026-09-21T00:51:30.8080000Z
838,0.7446978092193604,0.8233890214797136,,,,,,,,2026-09-21T00:51:32.5600000Z
839,1.1225625276565552,0.7193763919821826,,,,,,,,2026-09-21T00:51:33.7720000Z
840,0.09021438658237457,0.9816176470588235,,,,,,,,2026-09-21T00:51:34.9480000Z
841,0.39432525634765625,0.8901303538175046,,,,,,,,2026-09-21T00:51:36.1310000Z
842,0.07324779778718948,0.973621103117506,,,,,,,,2026-09-21T00:51:37.3140000Z
843,0.0003050778468605131,1,,,,,,,,2026-09-21T00:51:38.7980000Z
844,0.07118620723485947,0.9747474747474747,,,,,,,,2026-09-21T00:51:40.0010000Z
845,0.14526855945587158,0.9559164733178654,,,,,,,,2026-09-21T00:51:41.1830000Z
846,0.9312619566917419,0.8135265700483092,,,,,,,,2026-09-21T00:51:42.3620000Z
847,0.08244255185127258,0.9716157205240175,,,,,,,,2026-09-21T00:51:43.5480000Z
848,0.08602365851402283,0.9742173112338858,,,,,,,,2026-09-21T00:51:44.7400000Z
849,0.38786831498146057,0.8945945945945946,,,,,,,,2026-09-21T00:51:46.2280000Z
850,0.9610227346420288,0.760932944606414,,,,,,,,2026-09-21T00:51:47.4180000Z
851,0.12711822986602783,0.9661399548532731,,,,,,,,2026-09-21T00:51:48.6300000Z
852,1.0058720111846924,0.7677419354838709,,,,,,,,2026-09-21T00:51:49.8520000Z
853,0.17129507660865784,0.9448979591836735,,,,,,,,2026-09-21T00:51:51.0670000Z
854,0.20632880926132202,0.9381044487427466,,,,,,,,2026-09-21T00:51:52.2640000Z
855,0.4309752583503723,0.8808567603748326,,,,,,,,2026-09-21T00:51:53.7460000Z
856,0.0003257351054344326,1,,,,,,,,2026-09-21T00:51:54.9470000Z
857,0.11882612854242325,0.9699769053117783,,,,,,,,2026-09-21T00:51:56.1640000Z
858,1.0777024030685425,0.7331932773109243,,,,,,,,2026-09-21T00:51:57.3510000Z
859,0.21345506608486176,0.9446640316205533,,,,,,,,2026-09-21T00:51:58.5300000Z
860,0.0001046121833496727,1,,,,,,,,2026-09-21T00:52:00.0130000Z
861,0.30002811551094055,0.9191102123356926,,,,,,,,2026-09-21T00:52:01.1950000Z
862,0.00021122157340869308,1,,,,,,,,2026-09-21T00:52:02.3730000Z
863,0.2562197148799896,0.9288702928870293,,,,,,,,2026-09-21T00:52:03.5820000Z
864,0.14744645357131958,0.965675057208238,,,,,,,,2026-09-21T00:52:04.7960000Z
865,0.0639335960149765,0.9829931972789115,,,,,,,,2026-09-21T00:52:06.2740000Z
866,0.5384578704833984,0.8634020618556701,,,,,,,,2026-09-21T00:52:07.4520000Z
867,0.00013586090062744915,1,,,,,,,,2026-09-21T00:52:08.6300000Z
868,0.12320224940776825,0.969758064516129,,,,,,,,2026-09-21T00:52:09.8230000Z
869,0.28581559658050537,0.9205607476635514,,,,,,,,2026-09-21T00:52:11.3480000Z
870,0.4480900764465332,0.8629807692307693,,,,,,,,2026-09-21T00:52:12.8330000Z
871,0.47597670555114746,0.9156626506024096,,,,,,,,2026-09-21T00:52:13.7580000Z
872,0.2510175108909607,0.9343339587242027,,,,,,,,2026-09-21T00:52:14.9460000Z
873,0.2329854518175125,0.9335038363171355,,,,,,,,2026-09-21T00:52:16.1320000Z
874,0.06527730077505112,0.9759036144578314,,,,,,,,2026-09-21T00:52:17.3210000Z
875,0.41484370827674866,0.8974358974358975,,,,,,,,2026-09-21T00:52:18.8030000Z
876,0.8383991718292236,0.7791519434628975,,,,,,,,2026-09-21T00:52:19.9840000Z
877,0.570027768611908,0.8533834586466166,,,,,,,,2026-09-21T00:52:21.1730000Z
878,0.0837571993470192,0.9785932721712538,,,,,,,,2026-09-21T00:52:22.3540000Z
879,0.351956307888031,0.8930566640063847,,,,,,,,2026-09-21T00:52:23.8730000Z
880,0.015905840322375298,0.9956616052060737,,,,,,,,2026-09-21T00:52:25.0520000Z
881,0.0019989421125501394,1,,,,,,,,2026-09-21T00:52:28.6600000Z
882,0.4780324101448059,0.8868894601542416,,,,,,,,2026-09-21T00:52:29.8530000Z
883,0.00018995649588759989,1,,,,,,,,2026-09-21T00:52:31.3460000Z
884,0.061080221086740494,0.9893238434163701,,,,,,,,2026-09-21T00:52:32.5350000Z
885,0.18017049133777618,0.9429530201342282,,,,,,,,2026-09-21T00:52:33.7190000Z
886,0.03714843466877937,0.9883720930232558,,,,,,,,2026-09-21T00:52:34.9000000Z
887,0.043552216142416,0.9878345498783455,,,,,,,,2026-09-21T00:52:36.0800000Z
888,0.024658136069774628,0.994535519125683,,,,,,,,2026-09-21T00:52:37.5660000Z
889,0.0010593297192826867,1,,,,,,,,2026-09-21T00:52:38.7480000Z
890,0.4631909132003784,0.8738621586475943,,,,,,,,2026-09-21T00:52:39.9310000Z
891,0.8408333659172058,0.7701149425287356,,,,,,,,2026-09-21T00:52:41.7050000Z
892,0.0001442039356334135,1,,,,,,,,2026-09-21T00:52:42.6160000Z
893,0.059012990444898605,0.9842767295597484,,,,,,,,2026-09-21T00:52:43.7930000Z
894,0.02768605947494507,0.9953632148377125,,,,,,,,2026-09-21T00:52:44.9710000Z
895,0.3611712157726288,0.9060509554140127,,,,,,,,2026-09-21T00:52:46.1570000Z
896,0.00034040308673866093,1,,,,,,,,2026-09-21T00:52:47.6330000Z
897,0.02597491443157196,0.9932735426008968,,,,,,,,2026-09-21T00:52:48.8120000Z
898,0.22758090496063232,0.940251572327044,,,,,,,,2026-09-21T00:52:50.0010000Z
899,0.026192527264356613,0.9955654101995566,,,,,,,,2026-09-21T00:52:51.1800000Z
900,0.00020189247152302414,1,,0.4792297496760528,0.8747697974217311,,,,,2026-09-21T00:52:55.7760000Z
901,0.07195322215557098,0.9840989399293286,,,,,,,,2026-09-21T00:52:57.7310000Z
902,0.006080539897084236,0.9969325153374233,,,,,,,,2026-09-21T00:52:58.9200000Z
903,0.029856905341148376,0.9891304347826086,,,,,,,,2026-09-21T00:53:00.1350000Z
904,0.250345379114151,0.9371816638370118,,,,,,,,2026-09-21T00:53:01.3190000Z
905,0.1539851576089859,0.961038961038961,,,,,,,,2026-09-21T00:53:02.5550000Z
906,0.08623958379030228,0.9634146341463414,,,,,,,,2026-09-21T00:53:03.7460000Z
907,0.03188255801796913,0.9932659932659933,,,,,,,,2026-09-21T00:53:05.2310000Z
908,8.528372563887388E-05,1,,,,,,,,2026-09-21T00:53:06.4050000Z
909,0.711558997631073,0.8085443037974683,,,,,,,,2026-09-21T00:53:07.5920000Z
910,0.31696465611457825,0.922272047832586,,,,,,,,2026-09-21T00:53:08.7740000Z
911,0.540814995765686,0.8568019093078759,,,,,,,,2026-09-21T00:53:09.9530000Z
912,1.2695828676223755,0.7045123726346434,,,,,,,,2026-09-21T00:53:11.4420000Z
913,0.1334894895553589,0.9536842105263158,,,,,,,,2026-09-21T00:53:12.6230000Z
914,1.2795599699020386,0.6591928251121076,,,,,,,,2026-09-21T00:53:13.8250000Z
915,0.00010433475108584389,1,,,,,,,,2026-09-21T00:53:15.0060000Z
916,0.2345695048570633,0.953125,,,,,,,,2026-09-21T00:53:16.5230000Z
917,0.20878469944000244,0.9346938775510204,,,,,,,,2026-09-21T00:53:17.7080000Z
918,0.005215255543589592,1,,,,,,,,2026-09-21T00:53:18.8930000Z
919,0.09989985823631287,0.9636627906976745,,,,,,,,2026-09-21T00:53:20.0740000Z
920,0.34556570649147034,0.9224137931034483,,,,,,,,2026-09-21T00:53:21.2680000Z
921,0.18843024969100952,0.9586374695863747,,,,,,,,2026-09-21T00:53:22.7490000Z
922,0.2522784173488617,0.9342105263157895,,,,,,,,2026-09-21T00:53:23.9220000Z
923,0.21545039117336273,0.9432624113475178,,,,,,,,2026-09-21T00:53:25.1210000Z
924,0.7031540274620056,0.8185654008438819,,,,,,,,2026-09-21T00:53:26.3130000Z
925,0.314428448677063,0.9073482428115016,,,,,,,,2026-09-21T00:53:27.8020000Z
926,0.3530412018299103,0.9103313840155945,,,,,,,,2026-09-21T00:53:28.9840000Z
927,0.09951616078615189,0.966183574879227,,,,,,,,2026-09-21T00:53:30.2220000Z
928,0.0007094737375155091,1,,,,,,,,2026-09-21T00:53:31.4070000Z
929,0.007263688836246729,0.9976958525345622,,,,,,,,2026-09-21T00:53:32.6380000Z
930,0.09654073417186737,0.9841269841269841,,,,,,,,2026-09-21T00:53:34.7200000Z
931,0.6219140291213989,0.7995283018867925,,,,,,,,2026-09-21T00:53:35.3650000Z
932,0.1323067545890808,0.9660574412532638,,,,,,,,2026-09-21T00:53:37.1290000Z
933,0.2161189466714859,0.9423076923076923,,,,,,,,2026-09-21T00:53:38.3210000Z
934,0.035563718527555466,0.994269340974212,,,,,,,,2026-09-21T00:53:39.5430000Z
935,0.017385361716151237,0.9929078014184397,,,,,,,,2026-09-21T00:53:40.7220000Z
936,0.4801861047744751,0.8834688346883469,,,,,,,,2026-09-21T00:53:42.2300000Z
937,0.6977380514144897,0.8184615384615385,,,,,,,,2026-09-21T00:53:43.4740000Z
938,0.00026087783044204116,1,,,,,,,,2026-09-21T00:53:44.6600000Z
939,0.03063023090362549,0.9874213836477987,,,,,,,,2026-09-21T00:53:45.8820000Z
940,0.8759012222290039,0.7939068100358423,,,,,,,,2026-09-21T00:53:47.0760000Z
941,0.5044829249382019,0.8765432098765432,,,,,,,,2026-09-21T00:53:48.2630000Z
942,0.9866554737091064,0.7811934900542495,,,,,,,,2026-09-21T00:53:49.7890000Z
943,0.15024875104427338,0.9675456389452333,,,,,,,,2026-09-21T00:53:50.9700000Z
944,0.7137030363082886,0.8073929961089494,,,,,,,,2026-09-21T00:53:52.1940000Z
945,0.06298673152923584,0.9862258953168044,,,,,,,,2026-09-21T00:53:53.3760000Z
946,0.6312868595123291,0.8398576512455516,,,,,,,,2026-09-21T00:53:54.5670000Z
947,0.020929360762238503,0.9915611814345991,,,,,,,,2026-09-21T00:53:56.0380000Z
948,0.17928506433963776,0.958963282937365,,,,,,,,2026-09-21T00:53:57.2180000Z
949,0.15194565057754517,0.9409722222222222,,,,,,,,2026-09-21T00:53:58.4050000Z
950,0.5414501428604126,0.86875,,,,,,,,2026-09-21T00:53:59.5880000Z
951,0.08480116724967957,0.9788235294117648,,,,,,,,2026-09-21T00:54:01.0690000Z
952,0.9043247699737549,0.7729591836734694,,,,,,,,2026-09-21T00:54:02.2410000Z
953,0.6285577416419983,0.8278481012658228,,,,,,,,2026-09-21T00:54:03.4200000Z
954,0.7230729460716248,0.8178861788617886,,,,,,,,2026-09-21T00:54:04.9400000Z
955,0.608927845954895,0.8676470588235294,,,,,,,,2026-09-21T00:54:06.1140000Z
956,0.11569532752037048,0.9699074074074074,,,,,,,,2026-09-21T00:54:07.3010000Z
957,0.007279238197952509,1,,,,,,,,2026-09-21T00:54:08.4840000Z
958,1.1311659812927246,0.7216,,,,,,,,2026-09-21T00:54:10.2620000Z
959,0.069121353328228,0.9824046920821115,,,,,,,,2026-09-21T00:54:11.1360000Z
960,0.0032108889427036047,1,,,,,,,,2026-09-21T00:54:12.3220000Z
961,1.213250994682312,0.7339901477832512,,,,,,,,2026-09-21T00:54:13.7980000Z
962,0.38429155945777893,0.9036458333333334,,,,,,,,2026-09-21T00:54:14.9840000Z
963,0.9489359855651855,0.7872340425531915,,,,,,,,2026-09-21T00:54:16.1610000Z
964,0.17676885426044464,0.9539951573849879,,,,,,,,2026-09-21T00:54:17.6380000Z
965,0.06539066880941391,0.9826388888888888,,,,,,,,2026-09-21T00:54:18.8180000Z
966,0.2528482973575592,0.936542669584245,,,,,,,,2026-09-21T00:54:19.9940000Z
967,0.011155418120324612,0.9962546816479401,,,,,,,,2026-09-21T00:54:21.1820000Z
968,0.007496960461139679,0.9973404255319149,,,,,,,,2026-09-21T00:54:22.6570000Z
969,0.0005802998202852905,1,,,,,,,,2026-09-21T00:54:23.8370000Z
970,0.8014244437217712,0.8051948051948052,,,,,,,,2026-09-21T00:54:25.0240000Z
971,0.1449112743139267,0.9624724061810155,,,,,,,,2026-09-21T00:54:26.3700000Z
972,0.00016303316806443036,1,,,,,,,,2026-09-21T00:54:34.2980000Z
973,0.01357305608689785,0.9976798143851509,,,,,,,,2026-09-21T00:54:35.4840000Z
974,0.21875587105751038,0.9388646288209607,,,,,,,,2026-09-21T00:54:36.6680000Z
975,0.8455578088760376,0.8227969348659003,,,,,,,,2026-09-21T00:54:38.1420000Z
976,0.023813657462596893,0.9922480620155039,,,,,,,,2026-09-21T00:54:39.3220000Z
977,0.09765179455280304,0.9833024118738405,,,,,,,,2026-09-21T00:54:40.5030000Z
978,0.8739050626754761,0.8142340168878166,,,,,,,,2026-09-21T00:54:41.6910000Z
979,0.8599270582199097,0.8065630397236615,,,,,,,,2026-09-21T00:54:43.2040000Z
980,0.1662198007106781,0.9596412556053812,,,,,,,,2026-09-21T00:54:44.3900000Z
981,0.0657760351896286,0.9783653846153846,,,,,,,,2026-09-21T00:54:45.5890000Z
982,0.10835663974285126,0.9675550405561993,,,,,,,,2026-09-21T00:54:46.7750000Z
983,0.0003468228969722986,1,,,,,,,,2026-09-21T00:54:48.5530000Z
984,0.05491381511092186,0.9796511627906976,,,,,,,,2026-09-21T00:54:49.4330000Z
985,0.22864507138729095,0.9425587467362925,,,,,,,,2026-09-21T00:54:50.6230000Z
986,0.0008854011539369822,1,,,,,,,,2026-09-21T00:54:51.8470000Z
987,0.0004300893342588097,1,,,,,,,,2026-09-21T00:54:53.6350000Z
988,0.0647672638297081,0.9843342036553525,,,,,,,,2026-09-21T00:54:54.5610000Z
989,0.49535611271858215,0.8587360594795539,,,,,,,,2026-09-21T00:54:55.7670000Z
990,0.5992093682289124,0.8378378378378378,,,,,,,,2026-09-21T00:54:56.9770000Z
991,0.4447261691093445,0.8805620608899297,,,,,,,,2026-09-21T00:54:58.1530000Z
992,0.6422104239463806,0.8571428571428571,,,,,,,,2026-09-21T00:54:59.6270000Z
993,0.6762644052505493,0.8561438561438561,,,,,,,,2026-09-21T00:55:00.8060000Z
994,0.6980766654014587,0.8310598111227702,,,,,,,,2026-09-21T00:55:01.9830000Z
995,0.8844658732414246,0.7815384615384615,,,,,,,,2026-09-21T00:55:03.1670000Z
996,0.03425707295536995,0.9905149051490515,,,,,,,,2026-09-21T00:55:04.6400000Z
997,0.03463800251483917,0.9875259875259875,,,,,,,,2026-09-21T00:55:05.8120000Z
998,0.020222090184688568,0.991701244813278,,,,,,,,2026-09-21T00:55:07.0340000Z
999,0.30269259214401245,0.9119010819165378,,,,,,,,2026-09-21T00:55:08.2170000Z
1000,0.37708351016044617,0.8972712680577849,,0.5412833015030943,0.8548009367681498,,,,,2026-09-21T00:55:12.8480000Z
1001,0.00013000753824599087,1,,,,,,,,2026-09-21T00:55:15.0850000Z
1002,0.04996788501739502,0.981941309255079,,,,,,,,2026-09-21T00:55:16.2610000Z
1003,0.08322201669216156,0.9791666666666666,,,,,,,,2026-09-21T00:55:17.4490000Z
1004,0.2891462743282318,0.9237918215613383,,,,,,,,2026-09-21T00:55:18.6380000Z
1005,0.2691861391067505,0.9326424870466321,,,,,,,,2026-09-21T00:55:20.1180000Z
1006,0.14873242378234863,0.9641693811074918,,,,,,,,2026-09-21T00:55:21.3010000Z
1007,0.17308993637561798,0.9668874172185431,,,,,,,,2026-09-21T00:55:22.4820000Z
1008,0.6961572766304016,0.826890756302521,,,,,,,,2026-09-21T00:55:23.7090000Z
1009,0.07571740448474884,0.9769736842105263,,,,,,,,2026-09-21T00:55:25.2210000Z
1010,0.2494172751903534,0.9330143540669856,,,,,,,,2026-09-21T00:55:26.4170000Z
1011,0.436321496963501,0.8936170212765957,,,,,,,,2026-09-21T00:55:27.6370000Z
1012,0.13704223930835724,0.9543147208121827,,,,,,,,2026-09-21T00:55:28.8160000Z
1013,0.04746539518237114,0.9851190476190477,,,,,,,,2026-09-21T00:55:30.0260000Z
1014,0.32080522179603577,0.9274310595065312,,,,,,,,2026-09-21T00:55:31.2090000Z
1015,0.18624503910541534,0.9565217391304348,,,,,,,,2026-09-21T00:55:32.7190000Z
1016,0.588604211807251,0.8734177215189873,,,,,,,,2026-09-21T00:55:33.9340000Z
1017,0.2854606807231903,0.9285714285714286,,,,,,,,2026-09-21T00:55:35.1110000Z
1018,0.027964377775788307,0.9953271028037384,,,,,,,,2026-09-21T00:55:36.3320000Z
1019,0.6087794899940491,0.8712273641851107,,,,,,,,2026-09-21T00:55:37.5270000Z
1020,0.32138895988464355,0.9118942731277533,,,,,,,,2026-09-21T00:55:38.7410000Z
1021,0.0062189605087041855,0.9979757085020243,,,,,,,,2026-09-21T00:55:40.2230000Z
1022,0.04486152529716492,0.9813664596273292,,,,,,,,2026-09-21T00:55:41.4700000Z
1023,0.0003053685068152845,1,,,,,,,,2026-09-21T00:55:42.6560000Z
1024,0.73468017578125,0.8151260504201681,,,,,,,,2026-09-21T00:55:43.8640000Z
1025,0.8053881525993347,0.8053892215568862,,,,,,,,2026-09-21T00:55:45.0450000Z
1026,0.0004093620227649808,1,,,,,,,,2026-09-21T00:55:46.5610000Z
1027,0.06204202026128769,0.9770723104056437,,,,,,,,2026-09-21T00:55:48.0560000Z
1028,0.36051806807518005,0.8882488479262672,,,,,,,,2026-09-21T00:55:48.9780000Z
1029,0.17933979630470276,0.9596330275229358,,,,,,,,2026-09-21T00:55:50.1540000Z
1030,0.002230277983471751,1,,,,,,,,2026-09-21T00:55:51.3350000Z
1031,0.3882959187030792,0.8801261829652997,,,,,,,,2026-09-21T00:55:53.1230000Z
1032,0.05255505442619324,0.9818913480885312,,,,,,,,2026-09-21T00:55:54.0150000Z
1033,0.6296585202217102,0.8211678832116789,,,,,,,,2026-09-21T00:55:55.2070000Z
1034,0.7314772605895996,0.8364565587734242,,,,,,,,2026-09-21T00:55:56.3840000Z
1035,0.020020922645926476,0.9973262032085561,,,,,,,,2026-09-21T00:55:57.8810000Z
1036,0.587965726852417,0.8264462809917356,,,,,,,,2026-09-21T00:55:59.0650000Z
1037,0.5325330495834351,0.8666666666666667,,,,,,,,2026-09-21T00:56:00.2580000Z
1038,0.9393599629402161,0.7639138240574507,,,,,,,,2026-09-21T00:56:01.7400000Z
1039,0.528523862361908,0.8518518518518519,,,,,,,,2026-09-21T00:56:02.9560000Z
1040,0.1981654316186905,0.9340463458110517,,,,,,,,2026-09-21T00:56:04.1280000Z
1041,0.014382092282176018,0.9947643979057592,,,,,,,,2026-09-21T00:56:05.3180000Z
1042,0.0002953201765194535,1,,,,,,,,2026-09-21T00:56:06.4960000Z
1043,0.000237671411014162,1,,,,,,,,2026-09-21T00:56:07.9770000Z
1044,0.46172088384628296,0.8922018348623854,,,,,,,,2026-09-21T00:56:09.1610000Z
1045,0.5778158903121948,0.8519362186788155,,,,,,,,2026-09-21T00:56:10.3430000Z
1046,0.04668610543012619,0.9871794871794872,,,,,,,,2026-09-21T00:56:11.5200000Z
1047,0.00017117359675467014,1,,,,,,,,2026-09-21T00:56:13.3070000Z
1048,0.00020657555432990193,1,,,,,,,,2026-09-21T00:56:14.2020000Z
1049,0.3174821436405182,0.9143576826196473,,,,,,,,2026-09-21T00:56:15.4090000Z
1050,0.007780066225677729,1,,,,,,,,2026-09-21T00:56:16.6260000Z
1051,0.35911691188812256,0.9135135135135135,,,,,,,,2026-09-21T00:56:17.8670000Z
1052,0.0016960714710876346,1,,,,,,,,2026-09-21T00:56:19.0560000Z
1053,0.5852612257003784,0.8407310704960835,,,,,,,,2026-09-21T00:56:20.5390000Z
1054,0.00020167393086012453,1,,,,,,,,2026-09-21T00:56:21.7140000Z
1055,0.17214415967464447,0.9535714285714286,,,,,,,,2026-09-21T00:56:22.9140000Z
1056,0.00023501554096583277,1,,,,,,,,2026-09-21T00:56:24.0920000Z
1057,0.09893491864204407,0.972972972972973,,,,,,,,2026-09-21T00:56:25.5750000Z
1058,0.04115922003984451,0.9873015873015873,,,,,,,,2026-09-21T00:56:26.7540000Z
1059,0.06858458369970322,0.9769736842105263,,,,,,,,2026-09-21T00:56:27.9360000Z
1060,0.01331672165542841,0.9977728285077951,,,,,,,,2026-09-21T00:56:29.1100000Z
1061,0.00016236701048910618,1,,,,,,,,2026-09-21T00:56:30.5890000Z
1062,8.204777986975387E-05,1,,,,,,,,2026-09-21T00:56:31.7640000Z
1063,0.26421892642974854,0.9496402877697842,,,,,,,,2026-09-21T00:56:32.9450000Z
1064,0.4116114377975464,0.8851224105461394,,,,,,,,2026-09-21T00:56:34.1310000Z
1065,0.1333286017179489,0.958904109589041,,,,,,,,2026-09-21T00:56:35.6140000Z
1066,0.44845253229141235,0.8900709219858156,,,,,,,,2026-09-21T00:56:36.7970000Z
1067,0.4538682997226715,0.8761061946902655,,,,,,,,2026-09-21T00:56:37.9960000Z
1068,0.04840710386633873,0.9849170437405732,,,,,,,,2026-09-21T00:56:39.2150000Z
1069,0.0409654937684536,0.9934782608695653,,,,,,,,2026-09-21T00:56:40.6970000Z
1070,0.22195523977279663,0.9399656946826758,,,,,,,,2026-09-21T00:56:41.9070000Z
1071,0.000822288217023015,1,,,,,,,,2026-09-21T00:56:43.1180000Z
1072,0.054126303642988205,0.9829268292682927,,,,,,,,2026-09-21T00:56:44.3220000Z
1073,0.000222744929487817,1,,,,,,,,2026-09-21T00:56:45.5060000Z
1074,0.0003531134279910475,1,,,,,,,,2026-09-21T00:56:46.6880000Z
1075,1.384564995765686,0.7197125256673511,,,,,,,,2026-09-21T00:56:48.1650000Z
1076,0.00030370859894901514,1,,,,,,,,2026-09-21T00:56:49.3400000Z
1077,0.00010853655112441629,1,,,,,,,,2026-09-21T00:56:50.5580000Z
1078,0.16357043385505676,0.948170731707317,,,,,,,,2026-09-21T00:56:51.7350000Z
1079,0.26004481315612793,0.9142857142857143,,,,,,,,2026-09-21T00:56:52.9190000Z
1080,0.06503213942050934,0.975,,,,,,,,2026-09-21T00:56:54.0960000Z
1081,0.00010775818373076618,1,,,,,,,,2026-09-21T00:56:55.5710000Z
1082,0.17351242899894714,0.9533678756476683,,,,,,,,2026-09-21T00:56:56.8010000Z
1083,0.0031372043304145336,1,,,,,,,,2026-09-21T00:56:57.9710000Z
1084,0.00016764402971602976,1,,,,,,,,2026-09-21T00:56:59.1850000Z
1085,0.6612790822982788,0.8317307692307693,,,,,,,,2026-09-21T00:57:00.3640000Z
1086,0.13610997796058655,0.9666666666666667,,,,,,,,2026-09-21T00:57:01.5800000Z
1087,0.30199891328811646,0.9274509803921569,,,,,,,,2026-09-21T00:57:03.0680000Z
1088,0.4705979824066162,0.8882978723404256,,,,,,,,2026-09-21T00:57:04.2860000Z
1089,0.0887470543384552,0.978,,,,,,,,2026-09-21T00:57:05.4670000Z
1090,0.055184122174978256,0.983451536643026,,,,,,,,2026-09-21T00:57:06.6950000Z
1091,0.8522346019744873,0.7768860353130016,,,,,,,,2026-09-21T00:57:07.8860000Z
1092,0.6716058254241943,0.8515850144092219,,,,,,,,2026-09-21T00:57:09.0810000Z
1093,0.45651474595069885,0.8844765342960289,,,,,,,,2026-09-21T00:57:10.2940000Z
1094,0.05913808196783066,0.9844559585492227,,,,,,,,2026-09-21T00:57:11.4710000Z
1095,0.0312119722366333,0.9919839679358717,,,,,,,,2026-09-21T00:57:12.9930000Z
1096,0.07877463847398758,0.9721030042918455,,,,,,,,2026-09-21T00:57:14.1820000Z
1097,1.0475687980651855,0.7153465346534653,,,,,,,,2026-09-21T00:57:15.3720000Z
1098,0.5175117254257202,0.8768796992481203,,,,,,,,2026-09-21T00:57:16.5580000Z
1099,0.0006635975441895425,1,,,,,,,,2026-09-21T00:57:17.7850000Z
1100,0.09802857041358948,0.9774859287054409,,0.40661960508350803,0.8930957683741648,,,,,2026-09-21T00:57:22.4120000Z
1101,0.7670809030532837,0.8043117744610282,,,,,,,,2026-09-21T00:57:24.9520000Z
1102,0.7018824219703674,0.8243559718969555,,,,,,,,2026-09-21T00:57:26.1430000Z
1103,0.02655731700360775,0.9901477832512315,,,,,,,,2026-09-21T00:57:27.3630000Z
1104,0.12421491742134094,0.9666666666666667,,,,,,,,2026-09-21T00:57:28.5480000Z
1105,0.24205738306045532,0.9361022364217252,,,,,,,,2026-09-21T00:57:29.7650000Z
1106,0.14499397575855255,0.9721518987341772,,,,,,,,2026-09-21T00:57:31.5450000Z
1107,0.0009570506517775357,1,,,,,,,,2026-09-21T00:57:32.4710000Z
1108,0.43432390689849854,0.887468030690537,,,,,,,,2026-09-21T00:57:33.6950000Z
1109,0.00010876956366701052,1,,,,,,,,2026-09-21T00:57:34.9190000Z
1110,0.2881822884082794,0.907035175879397,,,,,,,,2026-09-21T00:57:36.1330000Z
1111,0.026217030361294746,0.9867256637168141,,,,,,,,2026-09-21T00:57:37.3420000Z
1112,0.432852566242218,0.8731117824773413,,,,,,,,2026-09-21T00:57:38.5270000Z
1113,0.07026912271976471,0.971830985915493,,,,,,,,2026-09-21T00:57:40.0800000Z
1114,9.991409751819447E-05,1,,,,,,,,2026-09-21T00:57:41.2550000Z
1115,0.0522320494055748,0.9801587301587301,,,,,,,,2026-09-21T00:57:42.4680000Z
1116,0.38357457518577576,0.9050632911392406,,,,,,,,2026-09-21T00:57:43.6530000Z
1117,0.15633709728717804,0.9637362637362638,,,,,,,,2026-09-21T00:57:44.8920000Z
1118,0.014056541956961155,0.9953051643192489,,,,,,,,2026-09-21T00:57:46.0940000Z
1119,0.7349720001220703,0.7931034482758621,,,,,,,,2026-09-21T00:57:47.3130000Z
1120,0.07367979735136032,0.9807162534435262,,,,,,,,2026-09-21T00:57:48.7950000Z
1121,0.0001885240781120956,1,,,,,,,,2026-09-21T00:57:50.3260000Z
1122,0.15121310949325562,0.9523809523809523,,,,,,,,2026-09-21T00:57:51.2460000Z
1123,0.1460486650466919,0.9553014553014553,,,,,,,,2026-09-21T00:57:52.4560000Z
1124,9.393137588631362E-05,1,,,,,,,,2026-09-21T00:57:53.6430000Z
1125,0.2086305171251297,0.9434850863422292,,,,,,,,2026-09-21T00:57:54.8620000Z
1126,0.3082325756549835,0.9313186813186813,,,,,,,,2026-09-21T00:57:56.0780000Z
1127,0.2881777286529541,0.9234042553191489,,,,,,,,2026-09-21T00:57:57.3070000Z
1128,0.20243720710277557,0.9513888888888888,,,,,,,,2026-09-21T00:57:59.0970000Z
1129,0.439978688955307,0.8795918367346939,,,,,,,,2026-09-21T00:58:00.0270000Z
1130,0.00015348992019426078,1,,,,,,,,2026-09-21T00:58:01.2410000Z
1131,0.07393467426300049,0.9842105263157894,,,,,,,,2026-09-21T00:58:02.4740000Z
1132,0.0031151198782026768,1,,,,,,,,2026-09-21T00:58:03.6520000Z
1133,0.9542964696884155,0.7810150375939849,,,,,,,,2026-09-21T00:58:05.1620000Z
1134,0.19894669950008392,0.9429477020602218,,,,,,,,2026-09-21T00:58:06.3530000Z
1135,0.0001973002654267475,1,,,,,,,,2026-09-21T00:58:07.5710000Z
1136,0.6313388347625732,0.8351409978308026,,,,,,,,2026-09-21T00:58:08.7590000Z
1137,0.14460240304470062,0.9560439560439561,,,,,,,,2026-09-21T00:58:10.2740000Z
1138,0.0288657508790493,0.9888143176733781,,,,,,,,2026-09-21T00:58:11.4610000Z
1139,1.0669121742248535,0.72840790842872,,,,,,,,2026-09-21T00:58:12.6790000Z
1140,0.520149827003479,0.8765432098765432,,,,,,,,2026-09-21T00:58:13.8610000Z
1141,0.27568984031677246,0.9357541899441341,,,,,,,,2026-09-21T00:58:15.0790000Z
1142,0.7654001712799072,0.8306772908366534,,,,,,,,2026-09-21T00:58:16.2680000Z
1143,0.335798978805542,0.9206680584551148,,,,,,,,2026-09-21T00:58:17.7820000Z
1144,0.13444244861602783,0.9679245283018868,,,,,,,,2026-09-21T00:58:18.9650000Z
1145,0.4649412930011749,0.8691019786910198,,,,,,,,2026-09-21T00:58:20.1790000Z
1146,1.2171151638031006,0.7140439932318104,,,,,,,,2026-09-21T00:58:21.3620000Z
1147,0.0864979475736618,0.9666666666666667,,,,,,,,2026-09-21T00:58:22.8830000Z
1148,0.9016667008399963,0.7543604651162791,,,,,,,,2026-09-21T00:58:24.0680000Z
1149,0.6035040616989136,0.86697965571205,,,,,,,,2026-09-21T00:58:25.2910000Z
1150,0.0005066114827059209,1,,,,,,,,2026-09-21T00:58:26.4690000Z
1151,0.33568844199180603,0.9150141643059491,,,,,,,,2026-09-21T00:58:27.7060000Z
1152,1.0285215377807617,0.7274881516587678,,,,,,,,2026-09-21T00:58:28.8850000Z
1153,0.30855607986450195,0.9157458563535912,,,,,,,,2026-09-21T00:58:30.4010000Z
1154,0.7852803468704224,0.8191964285714286,,,,,,,,2026-09-21T00:58:31.5850000Z
1155,0.7537843585014343,0.8308823529411765,,,,,,,,2026-09-21T00:58:32.8090000Z
1156,0.46826842427253723,0.88,,,,,,,,2026-09-21T00:58:34.0260000Z
1157,0.0001621246337890625,1,,,,,,,,2026-09-21T00:58:35.2460000Z
1158,1.2255069017410278,0.7527624309392266,,,,,,,,2026-09-21T00:58:36.4680000Z
1159,0.9659408330917358,0.7346938775510204,,,,,,,,2026-09-21T00:58:37.6970000Z
1160,0.26666444540023804,0.9111111111111111,,,,,,,,2026-09-21T00:58:38.9230000Z
1161,0.0020668194629251957,1,,,,,,,,2026-09-21T00:58:40.1450000Z
1162,0.5627530217170715,0.8699186991869918,,,,,,,,2026-09-21T00:58:41.6440000Z
1163,0.02598133124411106,0.9914346895074947,,,,,,,,2026-09-21T00:58:42.8590000Z
1164,0.34665849804878235,0.92,,,,,,,,2026-09-21T00:58:46.7540000Z
1165,0.31679531931877136,0.9066478076379066,,,,,,,,2026-09-21T00:58:48.0060000Z
1166,0.11140977591276169,0.9650145772594753,,,,,,,,2026-09-21T00:58:49.1930000Z
1167,1.0460002422332764,0.813953488372093,,,,,,,,2026-09-21T00:58:50.4090000Z
1168,0.4900142252445221,0.8753387533875339,,,,,,,,2026-09-21T00:58:51.5940000Z
1169,0.8850478529930115,0.7761578044596913,,,,,,,,2026-09-21T00:58:52.8100000Z
1170,0.14731578528881073,0.9634502923976608,,,,,,,,2026-09-21T00:58:53.9950000Z
1171,0.430281400680542,0.87468671679198,,,,,,,,2026-09-21T00:58:55.5090000Z
1172,0.9147632718086243,0.7975929978118161,,,,,,,,2026-09-21T00:58:56.6940000Z
1173,0.383673757314682,0.8853333333333333,,,,,,,,2026-09-21T00:58:57.9180000Z
1174,0.014851683750748634,0.996268656716418,,,,,,,,2026-09-21T00:58:59.1130000Z
1175,0.38190823793411255,0.893048128342246,,,,,,,,2026-09-21T00:59:02.7370000Z
1176,0.00024512942763976753,1,,,,,,,,2026-09-21T00:59:04.2260000Z
1177,0.4492979049682617,0.8793103448275862,,,,,,,,2026-09-21T00:59:05.1490000Z
1178,0.00013672150089405477,1,,,,,,,,2026-09-21T00:59:06.3390000Z
1179,1.0155946016311646,0.7755681818181818,,,,,,,,2026-09-21T00:59:07.5520000Z
1180,0.026019638404250145,0.9912854030501089,,,,,,,,2026-09-21T00:59:08.7280000Z
1181,0.0006703963736072183,1,,,,,,,,2026-09-21T00:59:10.2360000Z
1182,0.22716984152793884,0.9373549883990719,,,,,,,,2026-09-21T00:59:11.7250000Z
1183,0.9456542134284973,0.7756653992395437,,,,,,,,2026-09-21T00:59:12.6550000Z
1184,0.16446806490421295,0.952112676056338,,,,,,,,2026-09-21T00:59:13.8380000Z
1185,0.10404950380325317,0.973404255319149,,,,,,,,2026-09-21T00:59:15.0530000Z
1186,0.42055001854896545,0.9003067484662577,,,,,,,,2026-09-21T00:59:16.2320000Z
1187,0.0006540217436850071,1,,,,,,,,2026-09-21T00:59:17.4490000Z
1188,0.16091816127300262,0.9659863945578231,,,,,,,,2026-09-21T00:59:18.9690000Z
1189,0.2808002233505249,0.9161290322580645,,,,,,,,2026-09-21T00:59:20.1880000Z
1190,0.3636259436607361,0.8858447488584474,,,,,,,,2026-09-21T00:59:21.3970000Z
1191,0.4504512846469879,0.9054054054054054,,,,,,,,2026-09-21T00:59:22.6210000Z
1192,0.0002269325195811689,1,,,,,,,,2026-09-21T00:59:24.1060000Z
1193,8.559345587855205E-05,1,,,,,,,,2026-09-21T00:59:25.0250000Z
1194,0.24772295355796814,0.9322381930184805,,,,,,,,2026-09-21T00:59:26.2080000Z
1195,0.0024986641947180033,1,,,,,,,,2026-09-21T00:59:27.4350000Z
1196,0.1427575796842575,0.9588235294117647,,,,,,,,2026-09-21T00:59:29.2300000Z
1197,1.044693946838379,0.7913125590179415,,,,,,,,2026-09-21T00:59:30.1510000Z
1198,0.39470046758651733,0.9021207177814029,,,,,,,,2026-09-21T00:59:31.3390000Z
1199,0.00037128484109416604,1,,,,,,,,2026-09-21T00:59:32.5570000Z
1200,0.06097770854830742,0.9800362976406534,,9.291228052841466E-05,1,,,,,2026-09-21T00:59:37.1710000Z
1201,0.9303603172302246,0.773524720893142,,,,,,,,2026-09-21T00:59:39.7380000Z
1202,0.1583442986011505,0.9634888438133874,,,,,,,,2026-09-21T00:59:40.9570000Z
1203,0.004182999022305012,1,,,,,,,,2026-09-21T00:59:42.1400000Z
1204,0.4280751645565033,0.9051383399209486,,,,,,,,2026-09-21T00:59:43.3650000Z
1205,0.02495058812201023,0.9942748091603053,,,,,,,,2026-09-21T00:59:44.5500000Z
1206,0.6913864612579346,0.8340909090909091,,,,,,,,2026-09-21T00:59:45.7780000Z
1207,0.000113236004835926,1,,,,,,,,2026-09-21T00:59:47.8750000Z
1208,0.3329388499259949,0.9224806201550387,,,,,,,,2026-09-21T00:59:48.5170000Z
1209,0.0003507292130962014,1,,,,,,,,2026-09-21T00:59:50.2790000Z
1210,0.9945071339607239,0.7775891341256367,,,,,,,,2026-09-21T00:59:51.7960000Z
1211,1.0946952104568481,0.7242105263157895,,,,,,,,2026-09-21T00:59:52.6850000Z
1212,0.00014879122318234295,1,,,,,,,,2026-09-21T00:59:53.9000000Z
1213,0.4764271080493927,0.8662420382165605,,,,,,,,2026-09-21T00:59:55.0870000Z
1214,0.006830436177551746,0.9975369458128078,,,,,,,,2026-09-21T00:59:56.2980000Z
1215,0.6623607277870178,0.8231197771587744,,,,,,,,2026-09-21T00:59:57.4980000Z
1216,0.2628456950187683,0.9355932203389831,,,,,,,,2026-09-21T00:59:59.0190000Z
1217,0.9723541736602783,0.7682926829268293,,,,,,,,2026-09-21T01:00:00.5440000Z
1218,0.0002336793259019032,1,,,,,,,,2026-09-21T01:00:01.4710000Z
1219,0.6618732810020447,0.8197530864197531,,,,,,,,2026-09-21T01:00:02.6540000Z
1220,0.00019028951646760106,1,,,,,,,,2026-09-21T01:00:03.8650000Z
1221,0.0695112943649292,0.9788053949903661,,,,,,,,2026-09-21T01:00:05.0650000Z
1222,1.3919013738632202,0.6811594202898551,,,,,,,,2026-09-21T01:00:06.5870000Z
1223,0.11202307790517807,0.965556831228473,,,,,,,,2026-09-21T01:00:07.7740000Z
1224,0.7830846905708313,0.8469945355191257,,,,,,,,2026-09-21T01:00:09.0110000Z
1225,0.00023417863121721894,1,,,,,,,,2026-09-21T01:00:10.1910000Z
1226,0.07123761624097824,0.9846743295019157,,,,,,,,2026-09-21T01:00:11.3840000Z
1227,0.8293598294258118,0.8,,,,,,,,2026-09-21T01:00:13.1650000Z
1228,0.07976771146059036,0.9753363228699552,,,,,,,,2026-09-21T01:00:14.0500000Z
1229,0.6314190626144409,0.8460575719649562,,,,,,,,2026-09-21T01:00:15.2450000Z
1230,0.4233691394329071,0.9,,,,,,,,2026-09-21T01:00:16.4610000Z
1231,0.00013537284394260496,1,,,,,,,,2026-09-21T01:00:18.2690000Z
1232,0.00017486319120507687,1,,,,,,,,2026-09-21T01:00:19.1900000Z
1233,0.24574032425880432,0.9275808936825886,,,,,,,,2026-09-21T01:00:20.4140000Z
1234,0.37729665637016296,0.9081632653061225,,,,,,,,2026-09-21T01:00:21.6270000Z
1235,0.08051309734582901,0.9737609329446064,,,,,,,,2026-09-21T01:00:22.8420000Z
1236,0.006619182415306568,0.9971590909090909,,,,,,,,2026-09-21T01:00:24.0570000Z
1237,0.0003093699924647808,1,,,,,,,,2026-09-21T01:00:25.2860000Z
1238,0.732344388961792,0.8314606741573034,,,,,,,,2026-09-21T01:00:26.5050000Z
1239,0.00010833740088855848,1,,,,,,,,2026-09-21T01:00:28.0160000Z
1240,0.24675774574279785,0.9400244798041616,,,,,,,,2026-09-21T01:00:29.1980000Z
1241,0.15661272406578064,0.9574742268041238,,,,,,,,2026-09-21T01:00:30.3950000Z
1242,0.000321663188515231,1,,,,,,,,2026-09-21T01:00:31.5870000Z
1243,0.05846535786986351,0.9853372434017595,,,,,,,,2026-09-21T01:00:32.7700000Z
1244,0.1303355097770691,0.959866220735786,,,,,,,,2026-09-21T01:00:33.9900000Z
1245,0.5122324228286743,0.8633540372670807,,,,,,,,2026-09-21T01:00:35.8090000Z
1246,0.2917284369468689,0.934020618556701,,,,,,,,2026-09-21T01:00:36.7360000Z
1247,0.028929250314831734,0.9910714285714286,,,,,,,,2026-09-21T01:00:37.9630000Z
1248,0.04189582169055939,0.9865900383141762,,,,,,,,2026-09-21T01:00:39.1740000Z
1249,0.13707071542739868,0.9604685212298683,,,,,,,,2026-09-21T01:00:40.3660000Z
1250,0.08328927308320999,0.974025974025974,,,,,,,,2026-09-21T01:00:41.5790000Z
1251,0.20350272953510284,0.9461358313817331,,,,,,,,2026-09-21T01:00:42.7640000Z
1252,0.698003888130188,0.8274760383386581,,,,,,,,2026-09-21T01:00:44.2780000Z
1253,0.0018233705777674913,1,,,,,,,,2026-09-21T01:00:45.7700000Z
1254,0.2056654989719391,0.9397741530740276,,,,,,,,2026-09-21T01:00:46.6800000Z
1255,6.769880565116182E-05,1,,,,,,,,2026-09-21T01:00:47.8640000Z
1256,0.9557585716247559,0.759318423855165,,,,,,,,2026-09-21T01:00:49.0740000Z
1257,0.12768779695034027,0.9569288389513109,,,,,,,,2026-09-21T01:00:50.5560000Z
1258,0.7958475351333618,0.8431793770139635,,,,,,,,2026-09-21T01:00:51.7690000Z
1259,0.00012551507097668946,1,,,,,,,,2026-09-21T01:00:52.9580000Z
1260,0.2017945498228073,0.96,,,,,,,,2026-09-21T01:00:54.1690000Z
1261,0.2605840563774109,0.9281867145421903,,,,,,,,2026-09-21T01:00:55.3460000Z
1262,0.49886590242385864,0.8569321533923304,,,,,,,,2026-09-21T01:00:56.8600000Z
1263,1.0467392206192017,0.7663157894736842,,,,,,,,2026-09-21T01:00:58.0410000Z
1264,9.58721648203209E-05,1,,,,,,,,2026-09-21T01:00:59.2810000Z
1265,0.00013670937914866954,1,,,,,,,,2026-09-21T01:01:00.4610000Z
1266,1.2307591438293457,0.7697160883280757,,,,,,,,2026-09-21T01:01:01.6790000Z
1267,0.022078780457377434,0.9961685823754789,,,,,,,,2026-09-21T01:01:02.8700000Z
1268,0.36229148507118225,0.9120370370370371,,,,,,,,2026-09-21T01:01:04.0870000Z
1269,0.2186991423368454,0.9428571428571428,,,,,,,,2026-09-21T01:01:05.5920000Z
1270,8.6524712969549E-05,1,,,,,,,,2026-09-21T01:01:06.8040000Z
1271,0.3718309700489044,0.8878205128205128,,,,,,,,2026-09-21T01:01:07.9880000Z
1272,0.003760320134460926,0.9969135802469136,,,,,,,,2026-09-21T01:01:09.1960000Z
1273,0.07808943092823029,0.9831460674157303,,,,,,,,2026-09-21T01:01:10.4100000Z
1274,0.0012084048939868808,1,,,,,,,,2026-09-21T01:01:11.6270000Z
1275,1.1023966073989868,0.710172744721689,,,,,,,,2026-09-21T01:01:13.1430000Z
1276,0.4530268609523773,0.8843373493975903,,,,,,,,2026-09-21T01:01:14.3610000Z
1277,0.0003545829968061298,1,,,,,,,,2026-09-21T01:01:15.5470000Z
1278,0.033220332115888596,0.981675392670157,,,,,,,,2026-09-21T01:01:16.7710000Z
1279,0.15813897550106049,0.9670050761421319,,,,,,,,2026-09-21T01:01:17.9500000Z
1280,0.8952733874320984,0.7736156351791531,,,,,,,,2026-09-21T01:01:19.1730000Z
1281,0.21519404649734497,0.96,,,,,,,,2026-09-21T01:01:21.2480000Z
1282,0.5276817679405212,0.8728606356968215,,,,,,,,2026-09-21T01:01:21.9000000Z
1283,0.011282412335276604,0.9951923076923077,,,,,,,,2026-09-21T01:01:23.6280000Z
1284,0.46623605489730835,0.875,,,,,,,,2026-09-21T01:01:24.8420000Z
1285,0.9852920770645142,0.7378048780487805,,,,,,,,2026-09-21T01:01:26.0180000Z
1286,0.9302863478660583,0.8060747663551402,,,,,,,,2026-09-21T01:01:27.2000000Z
1287,0.051233552396297455,0.9836601307189542,,,,,,,,2026-09-21T01:01:28.6760000Z
1288,0.21541307866573334,0.9383177570093458,,,,,,,,2026-09-21T01:01:29.8650000Z
1289,0.2944765090942383,0.9152046783625731,,,,,,,,2026-09-21T01:01:31.0420000Z
1290,0.17828698456287384,0.9431034482758621,,,,,,,,2026-09-21T01:01:32.5580000Z
1291,0.0749519094824791,0.9806034482758621,,,,,,,,2026-09-21T01:01:33.7410000Z
1292,0.040186479687690735,0.9871589085072231,,,,,,,,2026-09-21T01:01:34.9570000Z
1293,0.5331252813339233,0.8531468531468531,,,,,,,,2026-09-21T01:01:36.1770000Z
1294,0.5219395756721497,0.8636363636363636,,,,,,,,2026-09-21T01:01:37.4000000Z
1295,0.09073705226182938,0.9748743718592965,,,,,,,,2026-09-21T01:01:38.6320000Z
1296,0.0005221099127084017,1,,,,,,,,2026-09-21T01:01:39.8680000Z
1297,0.01670444756746292,0.996078431372549,,,,,,,,2026-09-21T01:01:41.6510000Z
1298,0.34153467416763306,0.8988095238095238,,,,,,,,2026-09-21T01:01:42.5720000Z
1299,0.24465298652648926,0.9282511210762332,,,,,,,,2026-09-21T01:01:43.7600000Z
1300,0.0017883933614939451,1,,1.1479973699532302,0.7352941176470589,,,,,2026-09-21T01:01:48.3910000Z
1301,0.12267877161502838,0.9632352941176471,,,,,,,,2026-09-21T01:01:50.3800000Z
1302,0.1017477884888649,0.9795539033457249,,,,,,,,2026-09-21T01:01:51.5630000Z
1303,0.003992237150669098,0.9974358974358974,,,,,,,,2026-09-21T01:01:52.7720000Z
1304,0.3527534604072571,0.9252336448598131,,,,,,,,2026-09-21T01:01:53.9620000Z
1305,0.44386041164398193,0.8821954484605087,,,,,,,,2026-09-21T01:01:55.1770000Z
1306,0.029551031067967415,0.9911504424778761,,,,,,,,2026-09-21T01:01:56.6610000Z
1307,0.40961742401123047,0.8908765652951699,,,,,,,,2026-09-21T01:01:57.8720000Z
1308,0.7382259368896484,0.8141263940520446,,,,,,,,2026-09-21T01:01:59.0770000Z
1309,0.00019378367869649082,1,,,,,,,,2026-09-21T01:02:00.2900000Z
1310,0.4074396789073944,0.8902627511591963,,,,,,,,2026-09-21T01:02:01.4790000Z
1311,0.0013878950849175453,1,,,,,,,,2026-09-21T01:02:02.7090000Z
1312,0.06381521373987198,0.981029810298103,,,,,,,,2026-09-21T01:02:04.4930000Z
1313,0.15975387394428253,0.9645390070921985,,,,,,,,2026-09-21T01:02:05.4460000Z
1314,0.0001580435928190127,1,,,,,,,,2026-09-21T01:02:06.6200000Z
1315,0.6698245406150818,0.8163265306122449,,,,,,,,2026-09-21T01:02:07.8340000Z
1316,0.6148383021354675,0.8577981651376146,,,,,,,,2026-09-21T01:02:09.0580000Z
1317,6.61532103549689E-05,1,,,,,,,,2026-09-21T01:02:10.2960000Z
1318,0.12457761913537979,0.9634369287020109,,,,,,,,2026-09-21T01:02:11.5130000Z
1319,0.34021052718162537,0.912568306010929,,,,,,,,2026-09-21T01:02:13.0380000Z
1320,0.056097716093063354,0.9821029082774049,,,,,,,,2026-09-21T01:02:14.2520000Z
1321,0.1626749485731125,0.9633911368015414,,,,,,,,2026-09-21T01:02:15.4680000Z
1322,0.011998213827610016,0.9973890339425587,,,,,,,,2026-09-21T01:02:16.6830000Z
1323,0.011530596762895584,0.9969512195121951,,,,,,,,2026-09-21T01:02:17.8990000Z
1324,0.2686297595500946,0.9401330376940134,,,,,,,,2026-09-21T01:02:19.1140000Z
1325,0.2810420095920563,0.9223744292237442,,,,,,,,2026-09-21T01:02:20.3000000Z
1326,9.782638517208397E-05,1,,,,,,,,2026-09-21T01:02:22.1150000Z
1327,0.013949896208941936,0.9965156794425087,,,,,,,,2026-09-21T01:02:23.0400000Z
1328,0.7384967803955078,0.8263157894736842,,,,,,,,2026-09-21T01:02:24.2250000Z
1329,0.018909616395831108,0.9929411764705882,,,,,,,,2026-09-21T01:02:25.4410000Z
1330,0.4143093228340149,0.8849104859335039,,,,,,,,2026-09-21T01:02:26.6290000Z
1331,0.03395983949303627,0.9930555555555556,,,,,,,,2026-09-21T01:02:28.1480000Z
1332,1.061547040939331,0.7796257796257796,,,,,,,,2026-09-21T01:02:29.3300000Z
1333,0.33691298961639404,0.9210526315789473,,,,,,,,2026-09-21T01:02:30.5510000Z
1334,1.0765860080718994,0.7256493506493507,,,,,,,,2026-09-21T01:02:31.7590000Z
1335,0.002396422205492854,1,,,,,,,,2026-09-21T01:02:33.2750000Z
1336,0.5210673213005066,0.8656429942418427,,,,,,,,2026-09-21T01:02:34.4510000Z
1337,0.07620709389448166,0.9728506787330317,,,,,,,,2026-09-21T01:02:35.6720000Z
1338,0.00024168491654563695,1,,,,,,,,2026-09-21T01:02:36.8790000Z
1339,0.4918290078639984,0.8657074340527577,,,,,,,,2026-09-21T01:02:38.9980000Z
1340,0.023047108203172684,0.9886363636363636,,,,,,,,2026-09-21T01:02:41.9940000Z
1341,0.02990497462451458,0.9899396378269618,,,,,,,,2026-09-21T01:02:43.2250000Z
1342,0.08777204900979996,0.9719626168224299,,,,,,,,2026-09-21T01:02:44.4540000Z
1343,1.1159169673919678,0.7493765586034913,,,,,,,,2026-09-21T01:02:45.6790000Z
1344,0.6124458312988281,0.8287037037037037,,,,,,,,2026-09-21T01:02:46.8930000Z
1345,1.0810909271240234,0.7886178861788617,,,,,,,,2026-09-21T01:02:48.1200000Z
1346,1.096500277519226,0.7304812834224599,,,,,,,,2026-09-21T01:02:49.3300000Z
1347,0.2760334610939026,0.9216710182767625,,,,,,,,2026-09-21T01:02:50.8500000Z
1348,0.33411359786987305,0.91005291005291,,,,,,,,2026-09-21T01:02:52.0240000Z
1349,0.15254779160022736,0.9529914529914529,,,,,,,,2026-09-21T01:02:53.2550000Z
1350,0.34783926606178284,0.9215686274509803,,,,,,,,2026-09-21T01:02:54.4650000Z
1351,0.14604519307613373,0.9684542586750788,,,,,,,,2026-09-21T01:02:55.6920000Z
1352,0.20328332483768463,0.9485903814262023,,,,,,,,2026-09-21T01:02:56.8780000Z
1353,0.0003440316941123456,1,,,,,,,,2026-09-21T01:02:58.4000000Z
1354,0.0001569743180880323,1,,,,,,,,2026-09-21T01:02:59.5940000Z
1355,0.03664213418960571,0.9905660377358491,,,,,,,,2026-09-21T01:03:00.8050000Z
1356,0.23649103939533234,0.9213893967093236,,,,,,,,2026-09-21T01:03:02.0170000Z
1357,0.7194215655326843,0.8168316831683168,,,,,,,,2026-09-21T01:03:03.2330000Z
1358,0.18289132416248322,0.9422222222222222,,,,,,,,2026-09-21T01:03:04.4400000Z
1359,0.22794462740421295,0.9448818897637795,,,,,,,,2026-09-21T01:03:05.9600000Z
1360,0.3547360897064209,0.9110012360939431,,,,,,,,2026-09-21T01:03:07.4470000Z
1361,0.06594611704349518,0.9917355371900827,,,,,,,,2026-09-21T01:03:08.3610000Z
1362,0.9776788353919983,0.7758620689655172,,,,,,,,2026-09-21T01:03:09.5840000Z
1363,0.7812520265579224,0.8109339407744874,,,,,,,,2026-09-21T01:03:10.8010000Z
1364,0.05754617601633072,0.9787878787878788,,,,,,,,2026-09-21T01:03:12.0170000Z
1365,0.7042417526245117,0.8485273492286115,,,,,,,,2026-09-21T01:03:13.2310000Z
1366,1.076883316040039,0.7608200455580866,,,,,,,,2026-09-21T01:03:14.4420000Z
1367,0.008347393944859505,0.9982174688057041,,,,,,,,2026-09-21T01:03:15.6880000Z
1368,9.160751505987719E-05,1,,,,,,,,2026-09-21T01:03:16.9060000Z
1369,0.012861969880759716,0.992831541218638,,,,,,,,2026-09-21T01:03:18.7220000Z
1370,0.6280918121337891,0.8409311348205626,,,,,,,,2026-09-21T01:03:19.6200000Z
1371,0.24258455634117126,0.9380692167577414,,,,,,,,2026-09-21T01:03:20.8400000Z
1372,0.053572677075862885,0.9836956521739131,,,,,,,,2026-09-21T01:03:22.0620000Z
1373,0.05345597863197327,0.9867724867724867,,,,,,,,2026-09-21T01:03:23.2880000Z
1374,0.00018454217934049666,1,,,,,,,,2026-09-21T01:03:25.1040000Z
1375,0.05143209919333458,0.9934924078091106,,,,,,,,2026-09-21T01:03:26.0230000Z
1376,0.05279509723186493,0.9783653846153846,,,,,,,,2026-09-21T01:03:27.2410000Z
1377,0.1945473700761795,0.9468599033816425,,,,,,,,2026-09-21T01:03:28.4570000Z
1378,0.053661048412323,0.9798488664987406,,,,,,,,2026-09-21T01:03:29.6420000Z
1379,0.0003335713117849082,1,,,,,,,,2026-09-21T01:03:31.1580000Z
1380,0.20244185626506805,0.9494047619047619,,,,,,,,2026-09-21T01:03:32.3510000Z
1381,0.10690553486347198,0.9657794676806084,,,,,,,,2026-09-21T01:03:33.5700000Z
1382,0.8404577374458313,0.7945041816009558,,,,,,,,2026-09-21T01:03:35.0520000Z
1383,0.004049352370202541,1,,,,,,,,2026-09-21T01:03:36.2860000Z
1384,0.17572598159313202,0.9555084745762712,,,,,,,,2026-09-21T01:03:37.4750000Z
1385,0.7506244778633118,0.8335419274092616,,,,,,,,2026-09-21T01:03:38.6890000Z
1386,0.263035386800766,0.9164179104477612,,,,,,,,2026-09-21T01:03:39.8720000Z
1387,0.16070549190044403,0.9583333333333334,,,,,,,,2026-09-21T01:03:41.0900000Z
1388,0.20551981031894684,0.9420505200594353,,,,,,,,2026-09-21T01:03:42.2760000Z
1389,0.5701804161071777,0.8552915766738661,,,,,,,,2026-09-21T01:03:43.8010000Z
1390,7.923926750663668E-05,1,,,,,,,,2026-09-21T01:03:45.2850000Z
1391,0.0013281232677400112,1,,,,,,,,2026-09-21T01:03:46.2050000Z
1392,0.4230000972747803,0.8947368421052632,,,,,,,,2026-09-21T01:03:47.4150000Z
1393,0.10814712941646576,0.9616368286445013,,,,,,,,2026-09-21T01:03:49.2330000Z
1394,0.14672274887561798,0.9672897196261683,,,,,,,,2026-09-21T01:03:50.1260000Z
1395,0.6043705344200134,0.8413001912045889,,,,,,,,2026-09-21T01:03:51.3110000Z
1396,0.5005851984024048,0.8696969696969697,,,,,,,,2026-09-21T01:03:52.4940000Z
1397,0.5381852984428406,0.8623024830699775,,,,,,,,2026-09-21T01:03:54.0060000Z
1398,8.689540845807642E-05,1,,,,,,,,2026-09-21T01:03:55.1900000Z
1399,0.0001254384987987578,1,,,,,,,,2026-09-21T01:03:56.4050000Z
1400,0.1327361911535263,0.952959028831563,,0.41621382340140967,0.8944099378881988,,,,,2026-09-21T01:04:00.7060000Z
1401,0.0003278595977462828,1,,,,,,,,2026-09-21T01:04:02.6670000Z
1402,0.03843824937939644,0.9909365558912386,,,,,,,,2026-09-21T01:04:03.8850000Z
1403,0.843007504940033,0.8118811881188119,,,,,,,,2026-09-21T01:04:05.0980000Z
1404,0.00030088858329690993,1,,,,,,,,2026-09-21T01:04:06.3220000Z
1405,0.00012671049626078457,1,,,,,,,,2026-09-21T01:04:07.5220000Z
1406,0.14001326262950897,0.9619047619047619,,,,,,,,2026-09-21T01:04:08.7730000Z
1407,0.9645377993583679,0.7652464494569757,,,,,,,,2026-09-21T01:04:09.9720000Z
1408,0.13265034556388855,0.9507908611599297,,,,,,,,2026-09-21T01:04:11.1950000Z
1409,0.5150715708732605,0.8617200674536256,,,,,,,,2026-09-21T01:04:12.3870000Z
1410,0.0005169578944332898,1,,,,,,,,2026-09-21T01:04:13.9040000Z
1411,0.184012308716774,0.945859872611465,,,,,,,,2026-09-21T01:04:15.1010000Z
1412,1.0953404903411865,0.7109375,,,,,,,,2026-09-21T01:04:16.3210000Z
1413,0.1977294683456421,0.9399477806788512,,,,,,,,2026-09-21T01:04:17.5100000Z
1414,0.12293802201747894,0.9721627408993576,,,,,,,,2026-09-21T01:04:18.7260000Z
1415,0.2807937264442444,0.9263803680981595,,,,,,,,2026-09-21T01:04:19.9210000Z
1416,0.001970199868083,1,,,,,,,,2026-09-21T01:04:21.4430000Z
1417,0.03128909319639206,0.9904458598726115,,,,,,,,2026-09-21T01:04:22.9260000Z
1418,0.37142524123191833,0.8970588235294118,,,,,,,,2026-09-21T01:04:23.8370000Z
1419,0.0002773417509160936,1,,,,,,,,2026-09-21T01:04:25.0290000Z
1420,0.3302127420902252,0.9136163982430454,,,,,,,,2026-09-21T01:04:26.4060000Z
1421,0.19773301482200623,0.9377845220030349,,,,,,,,2026-09-21T01:04:34.9620000Z
1422,0.07863353192806244,0.9774011299435028,,,,,,,,2026-09-21T01:04:36.1370000Z
1423,0.07968368381261826,0.9753761969904241,,,,,,,,2026-09-21T01:04:37.3490000Z
1424,0.09584435075521469,0.9666666666666667,,,,,,,,2026-09-21T01:04:38.5400000Z
1425,0.1550852209329605,0.9650655021834061,,,,,,,,2026-09-21T01:04:40.0650000Z
1426,0.006947719492018223,0.9970149253731343,,,,,,,,2026-09-21T01:04:40.9570000Z
1427,0.376670241355896,0.8962962962962963,,,,,,,,2026-09-21T01:04:42.4710000Z
1428,0.607631266117096,0.827433628318584,,,,,,,,2026-09-21T01:04:43.6540000Z
1429,0.00953730195760727,0.99581589958159,,,,,,,,2026-09-21T01:04:45.4700000Z
1430,0.1742803007364273,0.9444444444444444,,,,,,,,2026-09-21T01:04:46.0810000Z
1431,0.025709547102451324,0.993963782696177,,,,,,,,2026-09-21T01:04:47.8810000Z
1432,5.624799450743012E-05,1,,,,,,,,2026-09-21T01:04:49.3610000Z
1433,5.733966827392578E-05,1,,,,,,,,2026-09-21T01:04:50.5700000Z
1434,0.0005068706814199686,1,,,,,,,,2026-09-21T01:04:52.0340000Z
1435,0.058004047721624374,0.9814385150812065,,,,,,,,2026-09-21T01:04:53.5120000Z
1436,0.6784009337425232,0.834375,,,,,,,,2026-09-21T01:04:54.6950000Z
1437,0.47393491864204407,0.8650519031141869,,,,,,,,2026-09-21T01:04:55.9230000Z
1438,0.5293838977813721,0.8783482142857143,,,,,,,,2026-09-21T01:04:57.1060000Z
1439,0.2066918909549713,0.9449715370018975,,,,,,,,2026-09-21T01:04:58.9280000Z
1440,0.877169132232666,0.7884393063583816,,,,,,,,2026-09-21T01:04:59.8820000Z
1441,6.12315780017525E-05,1,,,,,,,,2026-09-21T01:05:01.0940000Z
1442,0.42021408677101135,0.8849557522123894,,,,,,,,2026-09-21T01:05:02.3060000Z
1443,7.540384831372648E-05,1,,,,,,,,2026-09-21T01:05:03.5240000Z
1444,0.3051910400390625,0.9252136752136753,,,,,,,,2026-09-21T01:05:04.7400000Z
1445,9.220994979841635E-05,1,,,,,,,,2026-09-21T01:05:06.8190000Z
1446,0.13302087783813477,0.96875,,,,,,,,2026-09-21T01:05:07.4630000Z
1447,5.495106597663835E-05,1,,,,,,,,2026-09-21T01:05:09.2300000Z
1448,0.3155098259449005,0.917184265010352,,,,,0.418529017165098,0.8999150552141109,,2026-09-21T01:05:52.0680000Z
1449,0.11658363044261932,0.9680170575692963,,,,,,,,2026-09-21T01:06:00.2870000Z
1450,0.7863454818725586,0.7932011331444759,,,,,,,,2026-09-21T01:06:01.5030000Z
1451,0.03894691914319992,0.9853556485355649,,,,,,,,2026-09-21T01:06:02.6810000Z
1452,0.003072364954277873,1,,,,,,,,2026-09-21T01:06:03.8910000Z
1453,0.26046234369277954,0.9313471502590673,,,,,,,,2026-09-21T01:06:05.0710000Z
1454,0.35758504271507263,0.9242902208201893,,,,,,,,2026-09-21T01:06:06.5930000Z
1455,0.1029120609164238,0.9735576923076923,,,,,,,,2026-09-21T01:06:08.3840000Z
1456,0.9919230937957764,0.7306451612903225,,,,,,,,2026-09-21T01:06:09.0160000Z
1457,0.00012103834887966514,1,,,,,,,,2026-09-21T01:06:10.7800000Z
1458,0.33861494064331055,0.9298245614035088,,,,,,,,2026-09-21T01:06:11.9920000Z
1459,1.1342164278030396,0.7002141327623126,,,,,,,,2026-09-21T01:06:13.1690000Z
1460,0.11338178813457489,0.9709677419354839,,,,,,,,2026-09-21T01:06:14.3810000Z
1461,0.6359060406684875,0.8557377049180328,,,,,,,,2026-09-21T01:06:15.5640000Z
1462,8.98453508852981E-05,1,,,,,,,,2026-09-21T01:06:17.6820000Z
1463,0.000120438591693528,1,,,,,,,,2026-09-21T01:06:18.2950000Z
1464,7.07753497408703E-05,1,,,,,,,,2026-09-21T01:06:19.8000000Z
1465,1.0623859167099,0.739454094292804,,,,,,,,2026-09-21T01:06:21.6130000Z
1466,0.09311581403017044,0.9747747747747748,,,,,,,,2026-09-21T01:06:22.5370000Z
1467,0.00025086620007641613,1,,,,,,,,2026-09-21T01:06:23.7190000Z
1468,0.22532004117965698,0.9387755102040817,,,,,,,,2026-09-21T01:06:24.9390000Z
1469,0.19336842000484467,0.9396984924623115,,,,,,,,2026-09-21T01:06:26.1220000Z
1470,0.2692103087902069,0.9138461538461539,,,,,,,,2026-09-21T01:06:27.3090000Z
1471,0.00013385132479015738,1,,,,,,,,2026-09-21T01:06:28.7870000Z
1472,0.12312234938144684,0.967741935483871,,,,,,,,2026-09-21T01:06:29.9760000Z
1473,7.219042163342237E-05,1,,,,,,,,2026-09-21T01:06:31.1700000Z
1474,0.00020729794050566852,1,,,,,,,,2026-09-21T01:06:32.9900000Z
1475,0.22662585973739624,0.9257425742574258,,,,,,,,2026-09-21T01:06:33.8800000Z
1476,6.289313751040027E-05,1,,,,,,,,2026-09-21T01:06:35.0740000Z
1477,0.03658505156636238,0.9885931558935361,,,,,,,,2026-09-21T01:06:36.2930000Z
1478,0.06998580694198608,0.9775784753363229,,,,,,,,2026-09-21T01:06:37.4790000Z
1479,0.7324013113975525,0.8231197771587744,,,,,,,,2026-09-21T01:06:38.9600000Z
1480,0.6983273029327393,0.8198757763975155,,,,,,,,2026-09-21T01:06:40.1430000Z
1481,0.030025633051991463,0.9930394431554525,,,,,,,,2026-09-21T01:06:41.3290000Z
1482,0.31149351596832275,0.9200524246395806,,,,,,,,2026-09-21T01:06:42.5120000Z
1483,0.17468950152397156,0.9653679653679653,,,,,,,,2026-09-21T01:06:43.9990000Z
1484,0.21098069846630096,0.95,,,,,,,,2026-09-21T01:06:45.1840000Z
1485,0.8102864027023315,0.7710084033613446,,,,,,,,2026-09-21T01:06:46.3540000Z
1486,0.0974341332912445,0.9715909090909091,,,,,,,,2026-09-21T01:06:47.5340000Z
1487,0.5477965474128723,0.8775280898876404,,,,,,,,2026-09-21T01:06:49.0070000Z
1488,0.5892664790153503,0.853448275862069,,,,,,,,2026-09-21T01:06:50.1910000Z
1489,0.2456618696451187,0.9294245385450597,,,,,,,,2026-09-21T01:06:51.3630000Z
1490,0.30043545365333557,0.923,,,,,,,,2026-09-21T01:06:52.5430000Z
1491,0.0001302473683608696,1,,,,,,,,2026-09-21T01:06:53.7360000Z
1492,0.149946928024292,0.9545454545454546,,,,,,,,2026-09-21T01:06:55.2090000Z
1493,0.0001584927085787058,1,,,,,,,,2026-09-21T01:06:56.3880000Z
1494,0.00020714255515486002,1,,,,,,,,2026-09-21T01:06:57.5720000Z
1495,0.0021396914962679148,0.9981818181818182,,,,,,,,2026-09-21T01:06:59.0850000Z
1496,0.00017491226026322693,1,,,,,,,,2026-09-21T01:07:00.2730000Z
1497,0.13961517810821533,0.9565217391304348,,,,,,,,2026-09-21T01:07:01.4920000Z
1498,0.07758846133947372,0.9780487804878049,,,,,,,,2026-09-21T01:07:02.6770000Z
1499,0.15871019661426544,0.959079283887468,,,,,,,,2026-09-21T01:07:04.1910000Z
1500,0.07919184118509293,0.9676470588235294,,0.2230565948207883,0.9379562043795621,,,,,2026-09-21T01:07:08.4990000Z
1501,0.24945451319217682,0.9281984334203656,,,,,,,,2026-09-21T01:07:10.4870000Z
1502,0.2121378630399704,0.940552016985138,,,,,,,,2026-09-21T01:07:11.6960000Z
1503,0.5742125511169434,0.8712206047032475,,,,,,,,2026-09-21T01:07:12.9060000Z
1504,0.04190346226096153,0.986449864498645,,,,,,,,2026-09-21T01:07:14.1260000Z
1505,0.05475630983710289,0.9783464566929134,,,,,,,,2026-09-21T01:07:15.3200000Z
1506,0.7161431908607483,0.8137651821862348,,,,,,,,2026-09-21T01:07:16.5360000Z
1507,0.6304475665092468,0.821656050955414,,,,,,,,2026-09-21T01:07:18.0240000Z
1508,0.018825696781277657,0.9968304278922345,,,,,,,,2026-09-21T01:07:19.2440000Z
1509,0.23286724090576172,0.9440203562340967,,,,,,,,2026-09-21T01:07:20.4330000Z
1510,8.274702850030735E-05,1,,,,,,,,2026-09-21T01:07:21.6470000Z
1511,0.0002771856088656932,1,,,,,,,,2026-09-21T01:07:22.8380000Z
1512,0.3927899897098541,0.9031746031746032,,,,,,,,2026-09-21T01:07:24.3490000Z
1513,0.15920604765415192,0.9633286318758815,,,,,,,,2026-09-21T01:07:25.5380000Z
1514,0.01302300300449133,0.9970760233918129,,,,,,,,2026-09-21T01:07:26.7480000Z
1515,0.3021737039089203,0.9225684608120869,,,,,,,,2026-09-21T01:07:27.9380000Z
1516,0.10681948810815811,0.967741935483871,,,,,,,,2026-09-21T01:07:29.1480000Z
1517,6.732762267347425E-05,1,,,,,,,,2026-09-21T01:07:30.6430000Z
1518,0.1701807975769043,0.9463667820069204,,,,,,,,2026-09-21T01:07:31.8640000Z
1519,0.04525445029139519,0.9917808219178083,,,,,,,,2026-09-21T01:07:33.0550000Z
1520,0.00012429839989636093,1,,,,,,,,2026-09-21T01:07:34.2620000Z
1521,0.08660465478897095,0.98125,,,,,,,,2026-09-21T01:07:35.4430000Z
1522,0.4175388514995575,0.9029850746268657,,,,,,,,2026-09-21T01:07:36.6550000Z
1523,0.8220900297164917,0.7963525835866262,,,,,,,,2026-09-21T01:07:38.1440000Z
1524,0.0001724290632409975,1,,,,,,,,2026-09-21T01:07:39.3500000Z
1525,0.0012740232050418854,1,,,,,,,,2026-09-21T01:07:40.5380000Z
1526,0.0011778837069869041,1,,,,,,,,2026-09-21T01:07:41.7490000Z
1527,1.0229136943817139,0.7219730941704036,,,,,,,,2026-09-21T01:07:42.9470000Z
1528,0.22323919832706451,0.9404761904761905,,,,,,,,2026-09-21T01:07:44.4450000Z
1529,0.07748143374919891,0.9836956521739131,,,,,,,,2026-09-21T01:07:45.6300000Z
1530,0.670074999332428,0.8313253012048193,,,,,,,,2026-09-21T01:07:46.8380000Z
1531,9.482046880293638E-05,1,,,,,,,,2026-09-21T01:07:48.0260000Z
1532,1.3602113723754883,0.670549084858569,,,,,,,,2026-09-21T01:07:49.2390000Z
1533,0.045785848051309586,0.9869888475836431,,,,,,,,2026-09-21T01:07:51.0220000Z
1534,0.23216000199317932,0.9377777777777778,,,,,,,,2026-09-21T01:07:51.9360000Z
1535,0.10088245570659637,0.9681335356600911,,,,,,,,2026-09-21T01:07:53.1250000Z
1536,0.6201260089874268,0.8457943925233645,,,,,,,,2026-09-21T01:07:54.3340000Z
1537,0.016244331374764442,0.9950980392156863,,,,,,,,2026-09-21T01:07:55.5380000Z
1538,0.6362964510917664,0.819672131147541,,,,,,,,2026-09-21T01:07:56.7560000Z
1539,0.07530521601438522,0.9811320754716981,,,,,,,,2026-09-21T01:07:58.2840000Z
1540,0.9820007085800171,0.7548828125,,,,,,,,2026-09-21T01:07:59.4960000Z
1541,0.00012788292951881886,1,,,,,,,,2026-09-21T01:08:00.6800000Z
1542,0.43077144026756287,0.8885793871866295,,,,,,,,2026-09-21T01:08:01.8940000Z
1543,0.06428710371255875,0.9868766404199475,,,,,,,,2026-09-21T01:08:03.0800000Z
1544,0.825127363204956,0.788659793814433,,,,,,,,2026-09-21T01:08:04.2600000Z
1545,8.635222911834717E-05,1,,,,,,,,2026-09-21T01:08:05.4520000Z
1546,0.0357794351875782,0.9861878453038674,,,,,,,,2026-09-21T01:08:07.2330000Z
1547,0.03341994062066078,0.9850427350427351,,,,,,,,2026-09-21T01:08:08.4150000Z
1548,0.16348958015441895,0.96,,,,,,,,2026-09-21T01:08:09.2980000Z
1549,0.012666759081184864,0.9970326409495549,,,,,,,,2026-09-21T01:08:10.4830000Z
1550,0.6992261409759521,0.8259668508287292,,,,,,,,2026-09-21T01:08:11.9590000Z
1551,0.05415579304099083,0.9852507374631269,,,,,,,,2026-09-21T01:08:13.1410000Z
1552,0.08912187814712524,0.9730848861283644,,,,,,,,2026-09-21T01:08:14.3450000Z
1553,0.0001969902077689767,1,,,,,,,,2026-09-21T01:08:15.5350000Z
1554,0.3257005512714386,0.9002695417789758,,,,,,,,2026-09-21T01:08:16.7220000Z
1555,1.1723601818084717,0.7485714285714286,,,,,,,,2026-09-21T01:08:18.2030000Z
1556,0.40041041374206543,0.8919597989949749,,,,,,,,2026-09-21T01:08:19.3750000Z
1557,0.00021206530800554901,1,,,,,,,,2026-09-21T01:08:20.5570000Z
1558,0.2593698501586914,0.9312242090784044,,,,,,,,2026-09-21T01:08:21.7450000Z
1559,0.11094291508197784,0.9697732997481109,,,,,,,,2026-09-21T01:08:23.5330000Z
1560,0.8914062976837158,0.7720488466757124,,,,,,,,2026-09-21T01:08:24.4280000Z
1561,0.5650326013565063,0.8538011695906432,,,,,,,,2026-09-21T01:08:25.6400000Z
1562,0.044313944876194,0.9832535885167464,,,,,,,,2026-09-21T01:08:26.8160000Z
1563,0.4090438485145569,0.8743781094527363,,,,,,,,2026-09-21T01:08:28.0130000Z
1564,0.21326963603496552,0.9324009324009324,,,,,,,,2026-09-21T01:08:29.4870000Z
1565,0.006033715792000294,1,,,,,,,,2026-09-21T01:08:30.6710000Z
1566,0.049980390816926956,0.9851851851851852,,,,,,,,2026-09-21T01:08:31.8530000Z
1567,0.2231195569038391,0.9438470728793309,,,,,,,,2026-09-21T01:08:33.0420000Z
1568,0.21785691380500793,0.9441441441441442,,,,,,,,2026-09-21T01:08:34.5220000Z
1569,0.8019627332687378,0.7853470437017995,,,,,,,,2026-09-21T01:08:35.7060000Z
1570,0.09870966523885727,0.9732888146911519,,,,,,,,2026-09-21T01:08:36.9160000Z
1571,0.3263085186481476,0.9131736526946108,,,,,,,,2026-09-21T01:08:38.1170000Z
1572,0.005633645225316286,0.9975186104218362,,,,,,,,2026-09-21T01:08:39.3070000Z
1573,0.0001117977371904999,1,,,,,,,,2026-09-21T01:08:40.7920000Z
1574,1.2683700323104858,0.6757123473541384,,,,,,,,2026-09-21T01:08:42.0090000Z
1575,0.0003044360491912812,1,,,,,,,,2026-09-21T01:08:43.2010000Z
1576,0.9694547057151794,0.7286184210526315,,,,,,,,2026-09-21T01:08:44.3800000Z
1577,0.029544474557042122,0.986159169550173,,,,,,,,2026-09-21T01:08:45.8580000Z
1578,0.0026564274448901415,1,,,,,,,,2026-09-21T01:08:47.0460000Z
1579,0.00023802746727596968,1,,,,,,,,2026-09-21T01:08:48.2310000Z
1580,0.28067296743392944,0.9364303178484108,,,,,,,,2026-09-21T01:08:49.7470000Z
1581,0.02438858523964882,0.9954128440366973,,,,,,,,2026-09-21T01:08:50.9330000Z
1582,0.17147129774093628,0.9618055555555556,,,,,,,,2026-09-21T01:08:52.1670000Z
1583,0.033895380795001984,0.9868421052631579,,,,,,,,2026-09-21T01:08:53.3510000Z
1584,0.0936659574508667,0.9745547073791349,,,,,,,,2026-09-21T01:08:54.5590000Z
1585,0.16845422983169556,0.9571045576407506,,,,,,,,2026-09-21T01:08:56.0430000Z
1586,0.13973456621170044,0.9491525423728814,,,,,,,,2026-09-21T01:08:57.2600000Z
1587,0.0001851112610893324,1,,,,,,,,2026-09-21T01:08:58.4480000Z
1588,0.22873859107494354,0.9291338582677166,,,,,,,,2026-09-21T01:08:59.6640000Z
1589,0.3936196565628052,0.8927038626609443,,,,,,,,2026-09-21T01:09:00.8540000Z
1590,0.019457882270216942,0.9936170212765958,,,,,,,,2026-09-21T01:09:02.3320000Z
1591,0.9969975352287292,0.7957860615883307,,,,,,,,2026-09-21T01:09:03.5210000Z
1592,0.2841007113456726,0.9322493224932249,,,,,,,,2026-09-21T01:09:04.7030000Z
1593,0.5449243783950806,0.8379204892966361,,,,,,,,2026-09-21T01:09:05.8970000Z
1594,0.7881016731262207,0.8068965517241379,,,,,,,,2026-09-21T01:09:07.1370000Z
1595,0.00022665968572255224,1,,,,,,,,2026-09-21T01:09:08.9230000Z
1596,0.42967548966407776,0.8815533980582524,,,,,,,,2026-09-21T01:09:09.8420000Z
1597,0.041718967258930206,0.9882352941176471,,,,,,,,2026-09-21T01:09:11.0290000Z
1598,0.07442843168973923,0.9804432855280313,,,,,,,,2026-09-21T01:09:12.2420000Z
1599,0.8737085461616516,0.8148148148148148,,,,,,,,2026-09-21T01:09:13.4370000Z
1600,0.002712222980335355,1,,1.5898299078180695,0.6586620926243568,,,,,2026-09-21T01:09:18.0370000Z
1601,0.00013434886932373047,1,,,,,,,,2026-09-21T01:09:19.9790000Z
1602,0.7435913681983948,0.8007554296506137,,,,,,,,2026-09-21T01:09:21.1590000Z
1603,0.03598944842815399,0.9878472222222222,,,,,,,,2026-09-21T01:09:22.3420000Z
1604,0.5263648629188538,0.8662790697674418,,,,,,,,2026-09-21T01:09:23.5300000Z
1605,0.6525536775588989,0.8335664335664336,,,,,,,,2026-09-21T01:09:25.0110000Z
1606,4.8356090701418E-05,1,,,,,,,,2026-09-21T01:09:26.2000000Z
1607,0.20545189082622528,0.9403973509933775,,,,,,,,2026-09-21T01:09:27.3760000Z
1608,0.8093259930610657,0.7785234899328859,,,,,,,,2026-09-21T01:09:28.8670000Z
1609,0.08820326626300812,0.970703125,,,,,,,,2026-09-21T01:09:30.0580000Z
1610,0.6136490106582642,0.8384615384615385,,,,,,,,2026-09-21T01:09:31.2380000Z
1611,0.00022578985954169184,1,,,,,,,,2026-09-21T01:09:32.4210000Z
1612,0.23108342289924622,0.9323943661971831,,,,,,,,2026-09-21T01:09:33.9330000Z
1613,0.26152291893959045,0.9271317829457364,,,,,,,,2026-09-21T01:09:35.1130000Z
1614,0.018559468910098076,0.9917864476386037,,,,,,,,2026-09-21T01:09:36.3320000Z
1615,0.3071762025356293,0.9251700680272109,,,,,,,,2026-09-21T01:09:37.5210000Z
1616,0.00010431527334731072,1,,,,,,,,2026-09-21T01:09:39.0430000Z
1617,0.0001480892242398113,1,,,,,,,,2026-09-21T01:09:40.2250000Z
1618,0.10762449353933334,0.9708333333333333,,,,,,,,2026-09-21T01:09:41.4180000Z
1619,0.14004740118980408,0.9530075187969925,,,,,,,,2026-09-21T01:09:42.9070000Z
1620,0.15938498079776764,0.9545454545454546,,,,,,,,2026-09-21T01:09:44.0880000Z
1621,0.030996382236480713,0.9885386819484241,,,,,,,,2026-09-21T01:09:45.2650000Z
1622,0.9568732380867004,0.8299866131191432,,,,,,,,2026-09-21T01:09:46.7430000Z
1623,1.049303412437439,0.7432646592709984,,,,,,,,2026-09-21T01:09:47.9220000Z
1624,0.014298642985522747,0.9962756052141527,,,,,,,,2026-09-21T01:09:49.1010000Z
1625,0.15086837112903595,0.9534883720930233,,,,,,,,2026-09-21T01:09:50.5880000Z
1626,0.047558173537254333,0.9880478087649402,,,,,,,,2026-09-21T01:09:51.7700000Z
1627,0.5988346934318542,0.8405909797822706,,,,,,,,2026-09-21T01:09:53.2790000Z
1628,4.320191510487348E-05,1,,,,,,,,2026-09-21T01:09:54.4940000Z
1629,0.16591361165046692,0.956953642384106,,,,,,,,2026-09-21T01:09:55.6780000Z
1630,0.00018391710182186216,1,,,,,,,,2026-09-21T01:09:56.8990000Z
1631,0.00027802071417681873,1,,,,,,,,2026-09-21T01:09:58.6790000Z
1632,0.39861491322517395,0.9065934065934066,,,,,,,,2026-09-21T01:09:59.5940000Z
1633,0.00013235368533059955,1,,,,,,,,2026-09-21T01:10:01.1230000Z
1634,0.009868628345429897,0.9930313588850174,,,,,,,,2026-09-21T01:10:02.0050000Z
1635,0.7919669151306152,0.8534571723426213,,,,,,,,2026-09-21T01:10:03.2180000Z
1636,0.22993557155132294,0.9266409266409267,,,,,,,,2026-09-21T01:10:04.7120000Z
1637,0.035975195467472076,0.9910714285714286,,,,,,,,2026-09-21T01:10:06.2100000Z
1638,0.8132435083389282,0.7737642585551331,,,,,,,,2026-09-21T01:10:07.0970000Z
1639,0.047002293169498444,0.9840764331210191,,,,,,,,2026-09-21T01:10:08.2820000Z
1640,0.12621532380580902,0.9563025210084034,,,,,,,,2026-09-21T01:10:10.0620000Z
1641,0.29719865322113037,0.9236192714453584,,,,,,,,2026-09-21T01:10:10.9500000Z
1642,0.0804278627038002,0.967280163599182,,,,,,,,2026-09-21T01:10:12.1340000Z
1643,0.00016809749649837613,1,,,,,,,,2026-09-21T01:10:13.6250000Z
1644,0.03534084931015968,0.9874213836477987,,,,,,,,2026-09-21T01:10:14.8110000Z
1645,0.16216248273849487,0.9563409563409564,,,,,,,,2026-09-21T01:10:16.0000000Z
1646,0.24517002701759338,0.9285714285714286,,,,,,,,2026-09-21T01:10:17.1860000Z
1647,0.08354971557855606,0.967828418230563,,,,,,,,2026-09-21T01:10:18.6690000Z
1648,0.4480622112751007,0.8682008368200836,,,,,,,,2026-09-21T01:10:19.8560000Z
1649,0.06445559114217758,0.9811965811965812,,,,,,,,2026-09-21T01:10:21.0410000Z
1650,0.5891075730323792,0.8393574297188755,,,,,,,,2026-09-21T01:10:22.2250000Z
1651,0.3888852298259735,0.8982456140350877,,,,,,,,2026-09-21T01:10:23.7080000Z
1652,0.8516424298286438,0.7827476038338658,,,,,,,,2026-09-21T01:10:24.8850000Z
1653,4.476192043512128E-05,1,,,,,,,,2026-09-21T01:10:26.0680000Z
1654,0.01224666740745306,0.9946524064171123,,,,,,,,2026-09-21T01:10:27.2890000Z
1655,0.3888970613479614,0.8904494382022472,,,,,,,,2026-09-21T01:10:28.4710000Z
1656,9.074758418137208E-05,1,,,,,,,,2026-09-21T01:10:29.9600000Z
1657,0.0229700468480587,0.9902439024390244,,,,,,,,2026-09-21T01:10:31.1450000Z
1658,0.06565787643194199,0.9796875,,,,,,,,2026-09-21T01:10:32.6570000Z
1659,0.5885892510414124,0.8386491557223265,,,,,,,,2026-09-21T01:10:33.8450000Z
1660,0.3454522490501404,0.8908450704225352,,,,,,,,2026-09-21T01:10:35.3320000Z
1661,0.37509626150131226,0.893491124260355,,,,,,,,2026-09-21T01:10:36.5190000Z
1662,0.020454006269574165,0.9933333333333333,,,,,,,,2026-09-21T01:10:38.0100000Z
1663,0.15207794308662415,0.9585687382297552,,,,,,,,2026-09-21T01:10:39.1950000Z
1664,0.36928191781044006,0.900355871886121,,,,,,,,2026-09-21T01:10:40.6750000Z
1665,8.420077210757881E-05,1,,,,,,,,2026-09-21T01:10:41.8550000Z
1666,4.922776133753359E-05,1,,,,,,,,2026-09-21T01:10:43.3340000Z
1667,0.00741307158023119,0.9963702359346642,,,,,,,,2026-09-21T01:10:44.5170000Z
1668,0.01461982075124979,0.9963768115942029,,,,,,,,2026-09-21T01:10:46.0280000Z
1669,0.378060907125473,0.911620294599018,,,,,,,,2026-09-21T01:10:47.2170000Z
1670,0.13590563833713531,0.963718820861678,,,,,,,,2026-09-21T01:10:48.4020000Z
1671,0.5410094261169434,0.8730512249443207,,,,,,,,2026-09-21T01:10:50.2280000Z
1672,8.898300438886508E-05,1,,,,,,,,2026-09-21T01:10:51.1460000Z
1673,0.18351073563098907,0.9484777517564403,,,,,,,,2026-09-21T01:10:52.3710000Z
1674,1.1956154108047485,0.7118110236220473,,,,,,,,2026-09-21T01:10:53.5920000Z
1675,0.23473483324050903,0.9399038461538461,,,,,,,,2026-09-21T01:10:54.8090000Z
1676,0.43905535340309143,0.8762886597938144,,,,,,,,2026-09-21T01:10:56.2940000Z
1677,0.00010762966121546924,1,,,,,,,,2026-09-21T01:10:57.4890000Z
1678,0.1300385296344757,0.9631782945736435,,,,,,,,2026-09-21T01:10:58.6720000Z
1679,0.0002466496080160141,1,,,,,,,,2026-09-21T01:11:00.1600000Z
1680,0.0024491960648447275,1,,,,,,,,2026-09-21T01:11:01.3450000Z
1681,0.00016697299724910408,1,,,,,,,,2026-09-21T01:11:02.5240000Z
1682,0.10418578237295151,0.9717514124293786,,,,,,,,2026-09-21T01:11:04.0140000Z
1683,0.007505274377763271,1,,,,,,,,2026-09-21T01:11:05.1880000Z
1684,0.00016029224207159132,1,,,,,,,,2026-09-21T01:11:06.3930000Z
1685,0.00010770221706479788,1,,,,,,,,2026-09-21T01:11:07.8980000Z
1686,0.1628797948360443,0.9485294117647058,,,,,,,,2026-09-21T01:11:09.1170000Z
1687,0.053278788924217224,0.9894736842105263,,,,,,,,2026-09-21T01:11:10.3250000Z
1688,0.10338133573532104,0.9788135593220338,,,,,,,,2026-09-21T01:11:11.5590000Z
1689,0.0001646369055379182,1,,,,,,,,2026-09-21T01:11:13.0750000Z
1690,0.00034203717950731516,1,,,,,,,,2026-09-21T01:11:14.2820000Z
1691,6.448232306865975E-05,1,,,,,,,,2026-09-21T01:11:15.4950000Z
1692,0.16216883063316345,0.9528301886792453,,,,,,,,2026-09-21T01:11:16.7120000Z
1693,0.0005577808478847146,1,,,,,,,,2026-09-21T01:11:17.8960000Z
1694,0.521600067615509,0.8776824034334764,,,,,,,,2026-09-21T01:11:19.4050000Z
1695,0.04555894434452057,0.9847161572052402,,,,,,,,2026-09-21T01:11:20.5850000Z
1696,0.07840211689472198,0.9713375796178344,,,,,,,,2026-09-21T01:11:21.7650000Z
1697,0.0001631547202123329,1,,,,,,,,2026-09-21T01:11:23.2440000Z
1698,0.23105403780937195,0.9372781065088758,,,,,,,,2026-09-21T01:11:24.4300000Z
1699,4.478592018131167E-05,1,,,,,,,,2026-09-21T01:11:25.6220000Z
1700,0.02848203293979168,0.9915074309978769,,0.00579522206233098,0.9951923076923077,,,,,2026-09-21T01:11:30.2400000Z
1701,0.04137815535068512,0.9825174825174825,,,,,,,,2026-09-21T01:11:32.4870000Z
1702,8.547081233700737E-05,1,,,,,,,,2026-09-21T01:11:33.6710000Z
1703,0.08712160587310791,0.9774774774774775,,,,,,,,2026-09-21T01:11:34.8530000Z
1704,0.000616524601355195,1,,,,,,,,2026-09-21T01:11:36.0370000Z
1705,0.10691115260124207,0.9700460829493087,,,,,,,,2026-09-21T01:11:37.5400000Z
1706,0.4731798768043518,0.88,,,,,,,,2026-09-21T01:11:38.7310000Z
1707,8.94719923962839E-05,1,,,,,,,,2026-09-21T01:11:39.9140000Z
1708,0.3729536533355713,0.8948717948717949,,,,,,,,2026-09-21T01:11:41.0910000Z
1709,0.37074458599090576,0.9006479481641468,,,,,,,,2026-09-21T01:11:42.2910000Z
1710,8.849830919643864E-05,1,,,,,,,,2026-09-21T01:11:43.7670000Z
1711,0.7265211343765259,0.7983870967741935,,,,,,,,2026-09-21T01:11:44.9900000Z
1712,0.02503921464085579,0.9919786096256684,,,,,,,,2026-09-21T01:11:46.1940000Z
1713,9.377448441227898E-05,1,,,,,,,,2026-09-21T01:11:47.4110000Z
1714,0.13904951512813568,0.96900826446281,,,,,,,,2026-09-21T01:11:48.5930000Z
1715,0.3262803256511688,0.9172113289760349,,,,,,,,2026-09-21T01:11:49.8160000Z
1716,0.10168690234422684,0.9676258992805755,,,,,,,,2026-09-21T01:11:51.0310000Z
1717,0.15420180559158325,0.9649415692821369,,,,,,,,2026-09-21T01:11:52.5770000Z
1718,8.606551273260266E-05,1,,,,,,,,2026-09-21T01:11:53.7570000Z
1719,0.552481472492218,0.8788546255506607,,,,,,,,2026-09-21T01:11:54.9640000Z
1720,0.043788738548755646,0.9884169884169884,,,,,,,,2026-09-21T01:11:56.1520000Z
1721,0.7530425786972046,0.8275862068965517,,,,,,,,2026-09-21T01:11:57.3980000Z
1722,0.16811977326869965,0.9478021978021978,,,,,,,,2026-09-21T01:11:58.5870000Z
1723,0.18862034380435944,0.9398340248962656,,,,,,,,2026-09-21T01:12:00.0910000Z
1724,0.2823721170425415,0.9173333333333333,,,,,,,,2026-09-21T01:12:01.3010000Z
1725,0.3046112656593323,0.9285714285714286,,,,,,,,2026-09-21T01:12:02.5020000Z
1726,0.008743353188037872,0.9979423868312757,,,,,,,,2026-09-21T01:12:03.7230000Z
1727,0.011274291202425957,0.9959349593495935,,,,,,,,2026-09-21T01:12:04.9060000Z
1728,0.9830853939056396,0.7617977528089888,,,,,,,,2026-09-21T01:12:06.3880000Z
1729,0.025888975709676743,0.9886621315192744,,,,,,,,2026-09-21T01:12:07.5950000Z
1730,0.021593550220131874,0.9910179640718563,,,,,,,,2026-09-21T01:12:08.7740000Z
1731,0.6918447613716125,0.8394736842105263,,,,,,,,2026-09-21T01:12:09.9620000Z
1732,0.19772738218307495,0.9427609427609428,,,,,,,,2026-09-21T01:12:12.0470000Z
1733,0.621623694896698,0.8349307774227902,,,,,,,,2026-09-21T01:12:12.6510000Z
1734,0.16242682933807373,0.958656330749354,,,,,,,,2026-09-21T01:12:14.7770000Z
1735,0.052356623113155365,0.9878048780487805,,,,,,,,2026-09-21T01:12:15.6860000Z
1736,0.01760292612016201,0.9946380697050938,,,,,,,,2026-09-21T01:12:16.9300000Z
1737,0.1496066153049469,0.9576107899807321,,,,,,,,2026-09-21T01:12:18.1100000Z
1738,0.38506272435188293,0.8907766990291263,,,,,,,,2026-09-21T01:12:19.3250000Z
1739,0.6693870425224304,0.8222222222222222,,,,,,,,2026-09-21T01:12:20.5230000Z
1740,0.4717186987400055,0.8781094527363185,,,,,,,,2026-09-21T01:12:22.0360000Z
1741,0.0002490234328433871,1,,,,,,,,2026-09-21T01:12:23.2250000Z
1742,0.25964927673339844,0.9144254278728606,,,,,,,,2026-09-21T01:12:24.4350000Z
1743,0.18420158326625824,0.9439024390243902,,,,,,,,2026-09-21T01:12:25.6250000Z
1744,0.56790691614151,0.8377049180327869,,,,,,,,2026-09-21T01:12:26.8510000Z
1745,5.314497320796363E-05,1,,,,,,,,2026-09-21T01:12:28.6560000Z
1746,0.0006575243314728141,1,,,,,,,,2026-09-21T01:12:29.5830000Z
1747,0.00011289370013400912,1,,,,,,,,2026-09-21T01:12:30.7970000Z
1748,0.2636677920818329,0.9252577319587629,,,,,,,,2026-09-21T01:12:32.0100000Z
1749,0.0331093929708004,0.9868421052631579,,,,,,,,2026-09-21T01:12:33.2220000Z
1750,5.3099473007023335E-05,1,,,,,,,,2026-09-21T01:12:34.4480000Z
1751,0.5575056672096252,0.8502824858757062,,,,,,,,2026-09-21T01:12:35.9380000Z
1752,0.09443942457437515,0.9713375796178344,,,,,,,,2026-09-21T01:12:37.1190000Z
1753,0.21439550817012787,0.9449081803005008,,,,,,,,2026-09-21T01:12:38.3460000Z
1754,0.07195405662059784,0.9711934156378601,,,,,,,,2026-09-21T01:12:39.5370000Z
1755,9.885587496683002E-05,1,,,,,,,,2026-09-21T01:12:40.7670000Z
1756,0.7454169988632202,0.7932816537467701,,,,,,,,2026-09-21T01:12:42.5470000Z
1757,0.9819077849388123,0.7534246575342466,,,,,,,,2026-09-21T01:12:43.4650000Z
1758,0.6316020488739014,0.8051282051282052,,,,,,,,2026-09-21T01:12:44.6910000Z
1759,0.3766862750053406,0.8955613577023499,,,,,,,,2026-09-21T01:12:45.9050000Z
1760,0.28233373165130615,0.9193899782135077,,,,,,,,2026-09-21T01:12:47.0970000Z
1761,0.0008656735881231725,1,,,,,,,,2026-09-21T01:12:48.3100000Z
1762,0.6252830028533936,0.837386018237082,,,,,,,,2026-09-21T01:12:49.7980000Z
1763,0.1245359554886818,0.9670014347202296,,,,,,,,2026-09-21T01:12:50.9790000Z
1764,0.10100573301315308,0.963855421686747,,,,,,,,2026-09-21T01:12:52.2080000Z
1765,0.0002160871372325346,1,,,,,,,,2026-09-21T01:12:53.4230000Z
1766,0.9048476815223694,0.8173690932311622,,,,,,,,2026-09-21T01:12:54.6480000Z
1767,0.03586173802614212,0.9916317991631799,,,,,,,,2026-09-21T01:12:55.8410000Z
1768,0.3728756904602051,0.9083044982698962,,,,,,,,2026-09-21T01:12:57.3180000Z
1769,0.02293461188673973,0.9961977186311787,,,,,,,,2026-09-21T01:12:58.5050000Z
1770,0.0005085821612738073,1,,,,,,,,2026-09-21T01:12:59.6910000Z
1771,8.654706471133977E-05,1,,,,,,,,2026-09-21T01:13:00.8830000Z
1772,0.1794699877500534,0.9515011547344111,,,,,,,,2026-09-21T01:13:02.4090000Z
1773,0.5162534117698669,0.8710359408033826,,,,,,,,2026-09-21T01:13:03.5930000Z
1774,0.023575207218527794,0.9910714285714286,,,,,,,,2026-09-21T01:13:04.7990000Z
1775,0.0007173722260631621,1,,,,,,,,2026-09-21T01:13:05.9800000Z
1776,0.033543359488248825,0.984251968503937,,,,,,,,2026-09-21T01:13:07.4760000Z
1777,0.9819309711456299,0.736517719568567,,,,,,,,2026-09-21T01:13:08.6570000Z
1778,0.22828900814056396,0.9425587467362925,,,,,,,,2026-09-21T01:13:09.8730000Z
1779,0.12184155732393265,0.956989247311828,,,,,,,,2026-09-21T01:13:11.0830000Z
1780,0.11189162731170654,0.9547738693467337,,,,,,,,2026-09-21T01:13:12.5690000Z
1781,0.15452536940574646,0.9545454545454546,,,,,,,,2026-09-21T01:13:13.7460000Z
1782,9.242380474461243E-05,1,,,,,,,,2026-09-21T01:13:15.2280000Z
1783,0.038638606667518616,0.9896103896103896,,,,,,,,2026-09-21T01:13:16.4140000Z
1784,0.05531855300068855,0.9954022988505747,,,,,,,,2026-09-21T01:13:17.5980000Z
1785,0.16543370485305786,0.9537465309898242,,,,,,,,2026-09-21T01:13:18.8200000Z
1786,0.0003824038431048393,1,,,,,,,,2026-09-21T01:13:19.9990000Z
1787,0.20541881024837494,0.9403973509933775,,,,,,,,2026-09-21T01:13:21.5100000Z
1788,0.2687540054321289,0.9381578947368421,,,,,,,,2026-09-21T01:13:22.6850000Z
1789,0.6841261386871338,0.8142201834862385,,,,,,,,2026-09-21T01:13:23.8990000Z
1790,0.4760313928127289,0.8714011516314779,,,,,,,,2026-09-21T01:13:25.0860000Z
1791,0.00010540468792896718,1,,,,,,,,2026-09-21T01:13:27.1800000Z
1792,0.00018786656437441707,1,,,,,,,,2026-09-21T01:13:27.7880000Z
1793,0.8242902755737305,0.7966728280961183,,,,,,,,2026-09-21T01:13:29.5520000Z
1794,0.0001983642578125,1,,,,,,,,2026-09-21T01:13:30.7390000Z
1795,0.011960232630372047,0.9980988593155894,,,,,,,,2026-09-21T01:13:31.9220000Z
1796,9.013444650918245E-05,1,,,,,,,,2026-09-21T01:13:33.1090000Z
1797,0.22529011964797974,0.9463276836158192,,,,,,,,2026-09-21T01:13:34.6010000Z
1798,0.005291300360113382,1,,,,,,,,2026-09-21T01:13:35.7790000Z
1799,0.15965905785560608,0.9622166246851386,,,,,,,,2026-09-21T01:13:37.0010000Z
1800,0.023587584495544434,0.9946140035906643,,0.000136810302734375,1,,,,,2026-09-21T01:13:41.2880000Z
1801,0.194501131772995,0.9436008676789588,,,,,,,,2026-09-21T01:13:43.5490000Z
1802,0.02824723906815052,0.99,,,,,,,,2026-09-21T01:13:44.4690000Z
1803,0.0001604863500688225,1,,,,,,,,2026-09-21T01:13:45.6610000Z
1804,0.35734209418296814,0.8947368421052632,,,,,,,,2026-09-21T01:13:46.8520000Z
1805,0.4098702073097229,0.9147058823529411,,,,,,,,2026-09-21T01:13:48.3320000Z
1806,0.13705343008041382,0.9528301886792453,,,,,,,,2026-09-21T01:13:49.5360000Z
1807,1.24526047706604,0.7211120764552563,,,,,,,,2026-09-21T01:13:50.7140000Z
1808,0.03700128570199013,0.987037037037037,,,,,,,,2026-09-21T01:13:51.9040000Z
1809,0.6701096296310425,0.8472803347280334,,,,,,,,2026-09-21T01:13:53.6900000Z
1810,0.20629194378852844,0.9426987060998152,,,,,,,,2026-09-21T01:13:54.5750000Z
1811,0.03223821148276329,0.9956803455723542,,,,,,,,2026-09-21T01:13:55.7550000Z
1812,7.529348658863455E-05,1,,,,,,,,2026-09-21T01:13:56.9390000Z
1813,0.036986373364925385,0.9862637362637363,,,,,,,,2026-09-21T01:13:58.4640000Z
1814,1.0725769996643066,0.7264529058116233,,,,,,,,2026-09-21T01:13:59.6400000Z
1815,0.1923367977142334,0.9457700650759219,,,,,,,,2026-09-21T01:14:00.8560000Z
1816,0.0020480959210544825,1,,,,,,,,2026-09-21T01:14:02.0440000Z
1817,0.5713979601860046,0.8568376068376068,,,,,,,,2026-09-21T01:14:03.2470000Z
1818,0.686967134475708,0.8234567901234567,,,,,,,,2026-09-21T01:14:04.4290000Z
1819,0.6831123232841492,0.844731977818854,,,,,,,,2026-09-21T01:14:05.9540000Z
1820,0.07485099881887436,0.9854014598540146,,,,,,,,2026-09-21T01:14:07.1740000Z
1821,0.00021165527869015932,1,,,,,,,,2026-09-21T01:14:08.3950000Z
1822,0.028364205732941628,0.991578947368421,,,,,,,,2026-09-21T01:14:09.6220000Z
1823,0.15452797710895538,0.9457478005865103,,,,,,,,2026-09-21T01:14:10.8410000Z
1824,0.3788054287433624,0.8827067669172932,,,,,,,,2026-09-21T01:14:12.0560000Z
1825,0.1826172173023224,0.9413680781758957,,,,,,,,2026-09-21T01:14:14.1780000Z
1826,7.672853098483756E-05,1,,,,,,,,2026-09-21T01:14:14.8230000Z
1827,0.12820948660373688,0.9678638941398866,,,,,,,,2026-09-21T01:14:16.6150000Z
1828,0.103126160800457,0.9726651480637813,,,,,,,,2026-09-21T01:14:17.8040000Z
1829,0.8026219010353088,0.7870503597122303,,,,,,,,2026-09-21T01:14:19.0180000Z
1830,0.4494544267654419,0.8723958333333334,,,,,,,,2026-09-21T01:14:20.2060000Z
1831,5.831769885844551E-05,1,,,,,,,,2026-09-21T01:14:21.7270000Z
1832,0.00011671930406009778,1,,,,,,,,2026-09-21T01:14:22.9100000Z
1833,0.38950300216674805,0.896358543417367,,,,,,,,2026-09-21T01:14:24.1440000Z
1834,5.747237446485087E-05,1,,,,,,,,2026-09-21T01:14:25.3300000Z
1835,0.11036426573991776,0.9754901960784313,,,,,,,,2026-09-21T01:14:26.7050000Z
1836,0.004110131878405809,0.9975062344139651,,,,,,,,2026-09-21T01:14:36.4260000Z
1837,7.53065396565944E-05,1,,,,,,,,2026-09-21T01:14:37.6100000Z
1838,0.8641179203987122,0.7891737891737892,,,,,,,,2026-09-21T01:14:38.8040000Z
1839,0.21692508459091187,0.9294117647058824,,,,,,,,2026-09-21T01:14:40.2880000Z
1840,0.004965890198945999,0.9976905311778291,,,,,,,,2026-09-21T01:14:41.4670000Z
1841,0.026615053415298462,0.9915074309978769,,,,,,,,2026-09-21T01:14:43.2610000Z
1842,0.13737289607524872,0.9505766062602965,,,,,,,,2026-09-21T01:14:44.1480000Z
1843,0.05825769528746605,0.981081081081081,,,,,,,,2026-09-21T01:14:45.3590000Z
1844,0.04394963011145592,0.9846153846153847,,,,,,,,2026-09-21T01:14:46.5480000Z
1845,0.15128812193870544,0.9590017825311943,,,,,,,,2026-09-21T01:14:48.0380000Z
1846,0.08757303655147552,0.9769736842105263,,,,,,,,2026-09-21T01:14:49.2200000Z
1847,0.7769306302070618,0.796137339055794,,,,,,,,2026-09-21T01:14:50.4270000Z
1848,0.6104584336280823,0.8430913348946136,,,,,,,,2026-09-21T01:14:51.6100000Z
1849,0.32273954153060913,0.9170673076923077,,,,,,,,2026-09-21T01:14:53.0970000Z
1850,0.1771034449338913,0.9532967032967034,,,,,,,,2026-09-21T01:14:54.2720000Z
1851,9.442718874197453E-05,1,,,,,,,,2026-09-21T01:14:56.3550000Z
1852,0.00010506352555239573,1,,,,,,,,2026-09-21T01:14:56.9960000Z
1853,8.113161311484873E-05,1,,,,,,,,2026-09-21T01:14:58.7330000Z
1854,0.1696469485759735,0.9662162162162162,,,,,,,,2026-09-21T01:14:59.9100000Z
1855,0.4967033267021179,0.8561643835616438,,,,,,,,2026-09-21T01:15:01.0920000Z
1856,0.024604152888059616,0.9957537154989384,,,,,,,,2026-09-21T01:15:02.3230000Z
1857,0.009939908981323242,0.9970238095238095,,,,,,,,2026-09-21T01:15:03.5080000Z
1858,0.40909072756767273,0.9067796610169492,,,,,,,,2026-09-21T01:15:05.0390000Z
1859,0.5066245794296265,0.8530120481927711,,,,,,,,2026-09-21T01:15:06.2200000Z
1860,0.07445444166660309,0.9781553398058253,,,,,,,,2026-09-21T01:15:07.4080000Z
1861,6.227024277905002E-05,1,,,,,,,,2026-09-21T01:15:08.6230000Z
1862,0.07469755411148071,0.9758713136729222,,,,,,,,2026-09-21T01:15:09.8140000Z
1863,0.8969756364822388,0.8236842105263158,,,,,,,,2026-09-21T01:15:11.3380000Z
1864,0.1941826492547989,0.9364548494983278,,,,,,,,2026-09-21T01:15:12.5240000Z
1865,0.0026332740671932697,1,,,,,,,,2026-09-21T01:15:13.7450000Z
1866,0.040405888110399246,0.9875,,,,,,,,2026-09-21T01:15:14.9560000Z
1867,0.028630156069993973,0.9841549295774648,,,,,,,,2026-09-21T01:15:17.0610000Z
1868,0.14479272067546844,0.9575892857142857,,,,,,,,2026-09-21T01:15:17.6800000Z
1869,6.217851478140801E-05,1,,,,,,,,2026-09-21T01:15:19.7530000Z
1870,0.7352410554885864,0.8123324396782842,,,,,,,,2026-09-21T01:15:20.6790000Z
1871,0.0030759007204324007,1,,,,,,,,2026-09-21T01:15:21.8640000Z
1872,1.1041001081466675,0.7174975562072337,,,,,,,,2026-09-21T01:15:23.0490000Z
1873,0.0003290983149781823,1,,,,,,,,2026-09-21T01:15:24.5310000Z
1874,0.003541588317602873,0.9975609756097561,,,,,,,,2026-09-21T01:15:26.0200000Z
1875,0.6240466237068176,0.8389513108614233,,,,,,,,2026-09-21T01:15:26.9250000Z
1876,0.23838558793067932,0.9361702127659575,,,,,,,,2026-09-21T01:15:28.9960000Z
1877,0.027364367619156837,0.9882352941176471,,,,,,,,2026-09-21T01:15:29.8890000Z
1878,0.48253995180130005,0.8719211822660099,,,,,,,,2026-09-21T01:15:31.0640000Z
1879,0.20643030107021332,0.9522673031026253,,,,,,,,2026-09-21T01:15:32.2570000Z
1880,0.4604896903038025,0.8835978835978836,,,,,,,,2026-09-21T01:15:33.7370000Z
1881,0.3019970953464508,0.9016393442622951,,,,,,,,2026-09-21T01:15:34.9190000Z
1882,0.01808033138513565,0.9907120743034056,,,,,,,,2026-09-21T01:15:36.0920000Z
1883,0.0002602807362563908,1,,,,,,,,2026-09-21T01:15:37.2720000Z
1884,0.5375770926475525,0.825503355704698,,,,,,,,2026-09-21T01:15:39.0650000Z
1885,0.17762890458106995,0.9502617801047121,,,,,,,,2026-09-21T01:15:39.9460000Z
1886,0.16250799596309662,0.9444444444444444,,,,,,,,2026-09-21T01:15:41.1250000Z
1887,0.37053757905960083,0.8866279069767442,,,,,,,,2026-09-21T01:15:42.6310000Z
1888,0.06327164173126221,0.9783989834815756,,,,,,,,2026-09-21T01:15:43.8160000Z
1889,0.05061110481619835,0.9872262773722628,,,,,,,,2026-09-21T01:15:44.9990000Z
1890,0.28096890449523926,0.9348837209302325,,,,,,,,2026-09-21T01:15:48.5760000Z
1891,8.194578549591824E-05,1,,,,,,,,2026-09-21T01:15:50.0610000Z
1892,0.11467622965574265,0.9671848013816926,,,,,,,,2026-09-21T01:15:51.2360000Z
1893,0.009502018801867962,0.9975247524752475,,,,,,,,2026-09-21T01:15:52.4160000Z
1894,0.02871575951576233,0.9861111111111112,,,,,,,,2026-09-21T01:15:53.5960000Z
1895,0.2513638436794281,0.9373695198329853,,,,,,,,2026-09-21T01:15:55.0900000Z
1896,0.0001009504558169283,1,,,,,,,,2026-09-21T01:15:56.2690000Z
1897,0.056501712650060654,0.9837837837837838,,,,,,,,2026-09-21T01:15:57.4500000Z
1898,5.063914431957528E-05,1,,,,,,,,2026-09-21T01:15:58.6280000Z
1899,0.16713277995586395,0.9620034542314335,,,,,,,,2026-09-21T01:15:59.8520000Z
1900,0.3359638452529907,0.9177820267686424,,0.36153311796591314,0.897887323943662,,,,,2026-09-21T01:16:04.4680000Z
1901,0.4410228133201599,0.87518573551263,,,,,,,,2026-09-21T01:16:06.7380000Z
1902,5.3814110287930816E-05,1,,,,,,,,2026-09-21T01:16:07.9270000Z
1903,0.018129512667655945,0.9938650306748467,,,,,,,,2026-09-21T01:16:09.1480000Z
1904,0.033096522092819214,0.9890965732087228,,,,,,,,2026-09-21T01:16:10.3640000Z
1905,0.5969070196151733,0.850609756097561,,,,,,,,2026-09-21T01:16:11.5800000Z
1906,0.30270063877105713,0.9139784946236559,,,,,,,,2026-09-21T01:16:13.1310000Z
1907,0.4372163414955139,0.8752260397830018,,,,,,,,2026-09-21T01:16:14.6240000Z
1908,0.01775030791759491,0.9938650306748467,,,,,,,,2026-09-21T01:16:15.5440000Z
1909,0.2858867347240448,0.9258241758241759,,,,,,,,2026-09-21T01:16:16.7590000Z
1910,0.7841528654098511,0.7976539589442815,,,,,,,,2026-09-21T01:16:17.9710000Z
1911,0.9477172493934631,0.763387297633873,,,,,,,,2026-09-21T01:16:19.1930000Z
1912,0.2142001837491989,0.939873417721519,,,,,,,,2026-09-21T01:16:20.3780000Z
1913,5.640240851789713E-05,1,,,,,,,,2026-09-21T01:16:21.8940000Z
1914,0.6935476064682007,0.8104347826086956,,,,,,,,2026-09-21T01:16:23.0750000Z
1915,0.9353461265563965,0.7941888619854721,,,,,,,,2026-09-21T01:16:24.2830000Z
1916,0.07874546200037003,0.98,,,,,,,,2026-09-21T01:16:25.4930000Z
1917,0.0005887720035389066,1,,,,,,,,2026-09-21T01:16:26.7070000Z
1918,0.21419471502304077,0.9271070615034168,,,,,,,,2026-09-21T01:16:27.9030000Z
1919,0.696302056312561,0.8311965811965812,,,,,,,,2026-09-21T01:16:29.4160000Z
1920,0.25874295830726624,0.9352941176470588,,,,,,,,2026-09-21T01:16:30.9060000Z
1921,0.4403018057346344,0.8765625,,,,,,,,2026-09-21T01:16:31.8230000Z
1922,0.05278224125504494,0.9867549668874173,,,,,,,,2026-09-21T01:16:33.0420000Z
1923,0.6133931875228882,0.8256172839506173,,,,,,,,2026-09-21T01:16:34.2570000Z
1924,0.2593638002872467,0.9338842975206612,,,,,,,,2026-09-21T01:16:35.4730000Z
1925,0.6193240284919739,0.8616852146263911,,,,,,,,2026-09-21T01:16:36.9870000Z
1926,0.14585328102111816,0.95929203539823,,,,,,,,2026-09-21T01:16:38.1650000Z
1927,0.14531409740447998,0.9506493506493506,,,,,,,,2026-09-21T01:16:39.4040000Z
1928,0.03650654852390289,0.9918032786885246,,,,,,,,2026-09-21T01:16:40.8730000Z
1929,7.545993139501661E-05,1,,,,,,,,2026-09-21T01:16:42.0880000Z
1930,0.7840047478675842,0.8033175355450237,,,,,,,,2026-09-21T01:16:43.8690000Z
1931,0.2689911127090454,0.9196891191709845,,,,,,,,2026-09-21T01:16:45.0480000Z
1932,0.34206002950668335,0.9096573208722741,,,,,,,,2026-09-21T01:16:45.9370000Z
1933,0.05014968290925026,0.9897540983606558,,,,,,,,2026-09-21T01:16:47.7180000Z
1934,0.5774180889129639,0.8302139037433155,,,,,,,,2026-09-21T01:16:48.6320000Z
1935,5.4082895076135173E-05,1,,,,,,,,2026-09-21T01:16:49.8290000Z
1936,0.5628689527511597,0.8515037593984962,,,,,,,,2026-09-21T01:16:51.0430000Z
1937,0.013966809958219528,0.9974874371859297,,,,,,,,2026-09-21T01:16:52.2260000Z
1938,0.2605159878730774,0.9272030651340997,,,,,,,,2026-09-21T01:16:53.7380000Z
1939,0.1580498367547989,0.9605633802816902,,,,,,,,2026-09-21T01:16:54.9650000Z
1940,0.7096961140632629,0.8450106157112527,,,,,,,,2026-09-21T01:16:56.4810000Z
1941,0.0001660245325183496,1,,,,,,,,2026-09-21T01:16:57.6960000Z
1942,0.3039134442806244,0.9303135888501742,,,,,,,,2026-09-21T01:16:58.9050000Z
1943,5.645286728395149E-05,1,,,,,,,,2026-09-21T01:17:00.7030000Z
1944,0.008800242096185684,0.9961538461538462,,,,,,,,2026-09-21T01:17:01.6000000Z
1945,0.35635122656822205,0.9060665362035225,,,,,,,,2026-09-21T01:17:02.8110000Z
1946,0.2289043515920639,0.9326424870466321,,,,,,,,2026-09-21T01:17:04.5880000Z
1947,0.00011672786058625206,1,,,,,,,,2026-09-21T01:17:05.4930000Z
1948,0.3082355856895447,0.925,,,,,,,,2026-09-21T01:17:06.6680000Z
1949,0.3190602958202362,0.9107744107744108,,,,,,,,2026-09-21T01:17:08.1490000Z
1950,0.029006091877818108,0.9903381642512077,,,,,,,,2026-09-21T01:17:09.3650000Z
1951,0.9991269707679749,0.7302798982188295,,,,,,,,2026-09-21T01:17:10.5610000Z
1952,0.03115030750632286,0.9880952380952381,,,,,,,,2026-09-21T01:17:12.0820000Z
1953,0.16769501566886902,0.9544626593806922,,,,,,,,2026-09-21T01:17:13.2740000Z
1954,0.0020913402549922466,1,,,,,,,,2026-09-21T01:17:14.4880000Z
1955,0.09104979038238525,0.974910394265233,,,,,,,,2026-09-21T01:17:16.2750000Z
1956,0.9115592837333679,0.782051282051282,,,,,,,,2026-09-21T01:17:17.1940000Z
1957,0.1156175285577774,0.967741935483871,,,,,,,,2026-09-21T01:17:18.3830000Z
1958,6.069487790227868E-05,1,,,,,,,,2026-09-21T01:17:19.6030000Z
1959,0.34415403008461,0.9046321525885559,,,,,,,,2026-09-21T01:17:21.1270000Z
1960,0.00013874316937290132,1,,,,,,,,2026-09-21T01:17:22.6110000Z
1961,9.4891685876064E-05,1,,,,,,,,2026-09-21T01:17:23.5580000Z
1962,0.48416867852211,0.8873239436619719,,,,,,,,2026-09-21T01:17:24.7410000Z
1963,0.00014193417155183852,1,,,,,,,,2026-09-21T01:17:26.2300000Z
1964,0.0021993883419781923,1,,,,,,,,2026-09-21T01:17:27.4140000Z
1965,0.19615843892097473,0.9398496240601504,,,,,,,,2026-09-21T01:17:28.9130000Z
1966,1.068210482597351,0.71334431630972,,,,,,,,2026-09-21T01:17:30.0880000Z
1967,0.9119555354118347,0.7886497064579256,,,,,,,,2026-09-21T01:17:31.8690000Z
1968,0.13058564066886902,0.9562982005141388,,,,,,,,2026-09-21T01:17:32.7590000Z
1969,0.00012480781879276037,1,,,,,,,,2026-09-21T01:17:33.9380000Z
1970,0.7333096265792847,0.8228699551569507,,,,,,,,2026-09-21T01:17:35.7540000Z
1971,0.001427296083420515,1,,,,,,,,2026-09-21T01:17:36.7280000Z
1972,0.1767217069864273,0.9417879417879418,,,,,,,,2026-09-21T01:17:37.9160000Z
1973,0.0002789151039905846,1,,,,,,,,2026-09-21T01:17:39.1070000Z
1974,0.02521420083940029,0.989983305509182,,,,,,,,2026-09-21T01:17:40.8850000Z
1975,0.32684892416000366,0.8979591836734694,,,,,,,,2026-09-21T01:17:41.8080000Z
1976,0.00271637924015522,0.9980119284294234,,,,,,,,2026-09-21T01:17:42.9680000Z
1977,0.20316551625728607,0.9452554744525548,,,,,,,,2026-09-21T01:17:44.4610000Z
1978,0.00015165888180490583,1,,,,,,,,2026-09-21T01:17:45.6480000Z
1979,0.31740137934684753,0.9228486646884273,,,,,,,,2026-09-21T01:17:46.8320000Z
1980,4.698248449130915E-05,1,,,,,,,,2026-09-21T01:17:48.3230000Z
1981,0.08866250514984131,0.9743875278396437,,,,,,,,2026-09-21T01:17:49.5090000Z
1982,0.00030934534152038395,1,,,,,,,,2026-09-21T01:17:50.7030000Z
1983,0.09622059762477875,0.9663526244952894,,,,,,,,2026-09-21T01:17:52.1850000Z
1984,0.0009096853318624198,1,,,,,,,,2026-09-21T01:17:53.3750000Z
1985,0.18678009510040283,0.9410609037328095,,,,,,,,2026-09-21T01:17:54.5690000Z
1986,0.03621617332100868,0.9896013864818024,,,,,,,,2026-09-21T01:17:55.7540000Z
1987,0.3325565755367279,0.9163179916317992,,,,,,,,2026-09-21T01:17:57.2730000Z
1988,4.9228434363612905E-05,1,,,,,,,,2026-09-21T01:17:58.7980000Z
1989,0.6548823714256287,0.8452830188679246,,,,,,,,2026-09-21T01:17:59.6910000Z
1990,0.5746276378631592,0.851258581235698,,,,,,,,2026-09-21T01:18:00.8770000Z
1991,0.21583062410354614,0.9461756373937678,,,,,,,,2026-09-21T01:18:02.3610000Z
1992,0.18378180265426636,0.9475728155339805,,,,,,,,2026-09-21T01:18:03.5450000Z
1993,0.00013970295549370348,1,,,,,,,,2026-09-21T01:18:04.7290000Z
1994,0.05492883920669556,0.9881305637982196,,,,,,,,2026-09-21T01:18:05.9200000Z
1995,0.04825389012694359,0.9867021276595744,,,,,,,,2026-09-21T01:18:07.4100000Z
1996,6.527718505822122E-05,1,,,,,,,,2026-09-21T01:18:08.6250000Z
1997,0.5629869103431702,0.8841201716738197,,,,,,,,2026-09-21T01:18:09.8160000Z
1998,8.240823080996051E-05,1,,,,,,,,2026-09-21T01:18:11.3010000Z
1999,0.19414110481739044,0.9479768786127167,,,,,,,,2026-09-21T01:18:12.4760000Z
2000,0.1295584887266159,0.9615384615384616,,6.613277253650484E-05,1,,,,,2026-09-21T01:18:17.0770000Z
2001,0.38556602597236633,0.8864734299516909,,,,,,,,2026-09-21T01:18:19.0260000Z
2002,0.47816622257232666,0.8725701943844493,,,,,,,,2026-09-21T01:18:20.2010000Z
2003,0.3785439133644104,0.8979591836734694,,,,,,,,2026-09-21T01:18:21.3850000Z
2004,0.0013301766011863947,1,,,,,,,,2026-09-21T01:18:22.9010000Z
2005,0.1310800313949585,0.9592476489028213,,,,,,,,2026-09-21T01:18:24.1220000Z
2006,0.3365188241004944,0.9074074074074074,,,,,,,,2026-09-21T01:18:25.3010000Z
2007,0.1652219146490097,0.9487908961593172,,,,,,,,2026-09-21T01:18:26.5230000Z
2008,0.16432298719882965,0.9563953488372093,,,,,,,,2026-09-21T01:18:28.6050000Z
2009,0.3125813603401184,0.9338235294117647,,,,,,,,2026-09-21T01:18:29.2400000Z
2010,0.32930004596710205,0.9054290718038529,,,,,,,,2026-09-21T01:18:30.7410000Z
2011,0.00010795592970680445,1,,,,,,,,2026-09-21T01:18:32.2160000Z
2012,0.08342879265546799,0.9790518191841234,,,,,,,,2026-09-21T01:18:33.3950000Z
2013,0.9981881976127625,0.813655761024182,,,,,,,,2026-09-21T01:18:34.6100000Z
2014,9.3224058218766E-05,1,,,,,,,,2026-09-21T01:18:35.7950000Z
2015,0.30358877778053284,0.9209726443768997,,,,,,,,2026-09-21T01:18:37.2730000Z
2016,0.28114810585975647,0.9332129963898917,,,,,,,,2026-09-21T01:18:38.4540000Z
2017,0.4836183488368988,0.8771929824561403,,,,,,,,2026-09-21T01:18:39.6670000Z
2018,0.2972942292690277,0.9175824175824175,,,,,,,,2026-09-21T01:18:40.8520000Z
2019,0.8448901176452637,0.7936802973977695,,,,,,,,2026-09-21T01:18:42.3460000Z
2020,0.08641926944255829,0.9811912225705329,,,,,,,,2026-09-21T01:18:43.5290000Z
2021,0.014147096313536167,0.9910179640718563,,,,,,,,2026-09-21T01:18:44.7120000Z
2022,0.4123925268650055,0.8841010401188707,,,,,,,,2026-09-21T01:18:46.5110000Z
2023,0.6462142467498779,0.8181818181818182,,,,,,,,2026-09-21T01:18:47.3940000Z
2024,8.12632279121317E-05,1,,,,,,,,2026-09-21T01:18:48.5730000Z
2025,0.016259675845503807,0.9954233409610984,,,,,,,,2026-09-21T01:18:49.7650000Z
2026,0.10572947561740875,0.9710144927536232,,,,,,,,2026-09-21T01:18:51.2430000Z
2027,1.0205765962600708,0.7749343832020997,,,,,,,,2026-09-21T01:18:52.4210000Z
2028,0.012632150202989578,0.9948717948717949,,,,,,,,2026-09-21T01:18:53.6010000Z
2029,0.04461359605193138,0.9866071428571429,,,,,,,,2026-09-21T01:18:55.1190000Z
2030,0.6629460453987122,0.8241758241758241,,,,,,,,2026-09-21T01:18:56.2980000Z
2031,0.00015896244440227747,1,,,,,,,,2026-09-21T01:18:57.5180000Z
2032,4.7094683395698667E-05,1,,,,,,,,2026-09-21T01:18:58.6970000Z
2033,6.274637416936457E-05,1,,,,,,,,2026-09-21T01:18:59.9090000Z
2034,0.0555419884622097,0.9863013698630136,,,,,,,,2026-09-21T01:19:01.6880000Z
2035,0.8498898148536682,0.8395939086294416,,,,,,,,2026-09-21T01:19:02.6120000Z
2036,9.333326306659728E-05,1,,,,,,,,2026-09-21T01:19:03.7970000Z
2037,0.4524350166320801,0.8908045977011494,,,,,,,,2026-09-21T01:19:04.9840000Z
2038,0.00026713020633906126,1,,,,,,,,2026-09-21T01:19:06.4630000Z
2039,0.026600254699587822,0.9945945945945946,,,,,,,,2026-09-21T01:19:07.6460000Z
2040,0.0002423846599413082,1,,,,,,,,2026-09-21T01:19:08.8300000Z
2041,5.841394522576593E-05,1,,,,,,,,2026-09-21T01:19:10.3430000Z
2042,0.19446884095668793,0.955595026642984,,,,,,,,2026-09-21T01:19:11.5190000Z
2043,0.706700325012207,0.8175787728026535,,,,,,,,2026-09-21T01:19:12.7080000Z
2044,0.8968511819839478,0.7738970588235294,,,,,,,,2026-09-21T01:19:13.9010000Z
2045,0.35994839668273926,0.8961352657004831,,,,,,,,2026-09-21T01:19:15.3860000Z
2046,0.019182177260518074,0.9952380952380953,,,,,,,,2026-09-21T01:19:16.5640000Z
2047,0.0001452853175578639,1,,,,,,,,2026-09-21T01:19:17.7660000Z
2048,0.45707234740257263,0.8653122648607976,,,,,,,,2026-09-21T01:19:19.2520000Z
2049,0.20421573519706726,0.9392265193370166,,,,,,,,2026-09-21T01:19:20.4430000Z
2050,0.158101886510849,0.9640151515151515,,,,,,,,2026-09-21T01:19:21.6240000Z
2051,1.1354718208312988,0.7170418006430869,,,,,,,,2026-09-21T01:19:22.8150000Z
2052,1.0892423391342163,0.7287319422150883,,,,,,,,2026-09-21T01:19:24.6120000Z
2053,0.010984834283590317,0.9953917050691244,,,,,,,,2026-09-21T01:19:25.5470000Z
2054,0.004960504360496998,0.9970326409495549,,,,,,,,2026-09-21T01:19:26.7480000Z
2055,0.023187819868326187,0.9936507936507937,,,,,,,,2026-09-21T01:19:27.9680000Z
2056,6.871418736409396E-05,1,,,,,,,,2026-09-21T01:19:29.1540000Z
2057,0.00014077323430683464,1,,,,,,,,2026-09-21T01:19:30.7140000Z
2058,0.870672345161438,0.759825327510917,,,,,,,,2026-09-21T01:19:31.9010000Z
2059,0.15162019431591034,0.9613970588235294,,,,,,,,2026-09-21T01:19:33.0920000Z
2060,0.9345274567604065,0.8135788262370541,,,,,,,,2026-09-21T01:19:34.2840000Z
2061,0.03537055104970932,0.9925373134328358,,,,,,,,2026-09-21T01:19:35.4720000Z
2062,0.2543099522590637,0.9278846153846154,,,,,,,,2026-09-21T01:19:36.9590000Z
2063,0.884174108505249,0.800543970988214,,,,,,,,2026-09-21T01:19:38.1930000Z
2064,0.04035015404224396,0.9816326530612245,,,,,,,,2026-09-21T01:19:39.3750000Z
2065,0.4719250798225403,0.868421052631579,,,,,,,,2026-09-21T01:19:40.9240000Z
2066,0.03877514973282814,0.9860335195530726,,,,,,,,2026-09-21T01:19:42.1070000Z
2067,0.00011093525972682983,1,,,,,,,,2026-09-21T01:19:43.5890000Z
2068,0.0042130667716264725,0.9977477477477478,,,,,,,,2026-09-21T01:19:44.4930000Z
2069,0.3251112997531891,0.8973277074542897,,,,,,,,2026-09-21T01:19:45.6710000Z
2070,0.03730804845690727,0.9891304347826086,,,,,,,,2026-09-21T01:19:47.1830000Z
2071,0.575566291809082,0.8574793875147232,,,,,,,,2026-09-21T01:19:48.3580000Z
2072,1.0857281684875488,0.7545731707317073,,,,,,,,2026-09-21T01:19:49.5440000Z
2073,0.5053417682647705,0.8475177304964538,,,,,,,,2026-09-21T01:19:50.7200000Z
2074,0.00012606827658601105,1,,,,,,,,2026-09-21T01:19:52.2010000Z
2075,0.38907504081726074,0.9007263922518159,,,,,,,,2026-09-21T01:19:53.3950000Z
2076,0.28807371854782104,0.9272349272349273,,,,,,,,2026-09-21T01:19:54.5830000Z
2077,1.053413987159729,0.7603143418467584,,,,,,,,2026-09-21T01:19:55.7730000Z
2078,0.7379348278045654,0.8323699421965318,,,,,,,,2026-09-21T01:19:57.2640000Z
2079,0.2183084338903427,0.9363166953528399,,,,,,,,2026-09-21T01:19:58.4540000Z
2080,7.19460949767381E-05,1,,,,,,,,2026-09-21T01:19:59.6710000Z
2081,0.00010594050399959087,1,,,,,,,,2026-09-21T01:20:00.8670000Z
2082,0.24830010533332825,0.9203821656050956,,,,,,,,2026-09-21T01:20:02.0890000Z
2083,0.00829368457198143,0.9985443959243085,,,,,,,,2026-09-21T01:20:03.5770000Z
2084,0.007796218153089285,0.9959514170040485,,,,,,,,2026-09-21T01:20:04.7700000Z
2085,0.00038058566860854626,1,,,,,,,,2026-09-21T01:20:05.9430000Z
2086,0.02859581634402275,0.9893617021276596,,,,,,,,2026-09-21T01:20:07.1590000Z
2087,0.3188866376876831,0.9212598425196851,,,,,,,,2026-09-21T01:20:08.6410000Z
2088,0.11786788702011108,0.96875,,,,,,,,2026-09-21T01:20:10.1340000Z
2089,0.8454750180244446,0.7812971342383107,,,,,,,,2026-09-21T01:20:11.0100000Z
2090,0.012277710251510143,0.9976525821596244,,,,,,,,2026-09-21T01:20:12.1970000Z
2091,0.0001193631105707027,1,,,,,,,,2026-09-21T01:20:13.6730000Z
2092,0.6901724338531494,0.8068965517241379,,,,,,,,2026-09-21T01:20:14.8510000Z
2093,0.7892031669616699,0.817966903073286,,,,,,,,2026-09-21T01:20:16.0410000Z
2094,0.019295815378427505,0.994750656167979,,,,,,,,2026-09-21T01:20:17.2310000Z
2095,0.32207438349723816,0.913894324853229,,,,,,,,2026-09-21T01:20:18.7130000Z
2096,0.009526696987450123,0.9966996699669967,,,,,,,,2026-09-21T01:20:19.8980000Z
2097,0.01302108820527792,0.9966159052453468,,,,,,,,2026-09-21T01:20:21.0790000Z
2098,0.08885513991117477,0.9753914988814317,,,,,,,,2026-09-21T01:20:22.2680000Z
2099,0.01120348833501339,0.9975728155339806,,,,,,,,2026-09-21T01:20:23.7500000Z
2100,0.9120743274688721,0.8127294981640147,,0.37528960567781294,0.9218390804597701,,,,,2026-09-21T01:20:28.0450000Z
2101,0.1251840740442276,0.9626168224299065,,,,,,,,2026-09-21T01:20:29.9890000Z
2102,0.4182475209236145,0.8956521739130435,,,,,,,,2026-09-21T01:20:31.1740000Z
2103,0.6488676071166992,0.8561872909698997,,,,,,,,2026-09-21T01:20:32.3610000Z
2104,5.727253665099852E-05,1,,,,,,,,2026-09-21T01:20:33.5780000Z
2105,8.51773438625969E-05,1,,,,,,,,2026-09-21T01:20:34.7680000Z
2106,0.0001362033508485183,1,,,,,,,,2026-09-21T01:20:36.5530000Z
2107,0.182903453707695,0.9453125,,,,,,,,2026-09-21T01:20:37.4420000Z
2108,0.00010154511983273551,1,,,,,,,,2026-09-21T01:20:38.6250000Z
2109,0.00010895878949668258,1,,,,,,,,2026-09-21T01:20:40.4520000Z
2110,0.15514004230499268,0.9656160458452722,,,,,,,,2026-09-21T01:20:41.3520000Z
2111,5.024210622650571E-05,1,,,,,,,,2026-09-21T01:20:42.5670000Z
2112,0.34561294317245483,0.9104477611940298,,,,,,,,2026-09-21T01:20:43.7660000Z
2113,0.7422939538955688,0.8257956448911222,,,,,,,,2026-09-21T01:20:45.2410000Z
2114,0.12704117596149445,0.9716088328075709,,,,,,,,2026-09-21T01:20:46.4160000Z
2115,0.12287638336420059,0.9597457627118644,,,,,,,,2026-09-21T01:20:47.5920000Z
2116,0.00024255116295535117,1,,,,,,,,2026-09-21T01:20:48.7740000Z
2117,0.09854928404092789,0.9727011494252874,,,,,,,,2026-09-21T01:20:50.2510000Z
2118,0.37368497252464294,0.8931698774080561,,,,,,,,2026-09-21T01:20:51.4270000Z
2119,0.14088258147239685,0.9688715953307393,,,,,,,,2026-09-21T01:20:52.6030000Z
2120,0.3151003420352936,0.9386503067484663,,,,,,,,2026-09-21T01:20:53.7880000Z
2121,0.7973719239234924,0.7967213114754098,,,,,,,,2026-09-21T01:20:55.2700000Z
2122,0.2627372145652771,0.9139784946236559,,,,,,,,2026-09-21T01:20:56.4440000Z
2123,0.24942176043987274,0.9295238095238095,,,,,,,,2026-09-21T01:20:57.6210000Z
2124,0.3450908362865448,0.9083094555873925,,,,,,,,2026-09-21T01:20:59.1000000Z
2125,0.08391731232404709,0.972463768115942,,,,,,,,2026-09-21T01:21:00.2750000Z
2126,0.1072467640042305,0.9791044776119403,,,,,,,,2026-09-21T01:21:01.4600000Z
2127,0.24850742518901825,0.9275929549902152,,,,,,,,2026-09-21T01:21:02.6380000Z
2128,0.00014900154201313853,1,,,,,,,,2026-09-21T01:21:04.1140000Z
2129,0.00011529010953381658,1,,,,,,,,2026-09-21T01:21:05.2950000Z
2130,0.8840510249137878,0.8068283917340521,,,,,,,,2026-09-21T01:21:06.4830000Z
2131,0.3105861246585846,0.9194029850746268,,,,,,,,2026-09-21T01:21:07.9620000Z
2132,0.1933201253414154,0.9490084985835694,,,,,,,,2026-09-21T01:21:09.1510000Z
2133,0.06567898392677307,0.97911227154047,,,,,,,,2026-09-21T01:21:10.3360000Z
2134,1.006264567375183,0.7907692307692308,,,,,,,,2026-09-21T01:21:11.5170000Z
2135,4.798030204256065E-05,1,,,,,,,,2026-09-21T01:21:13.3140000Z
2136,0.6528707146644592,0.8439024390243902,,,,,,,,2026-09-21T01:21:14.2360000Z
2137,0.08383331447839737,0.9787798408488063,,,,,,,,2026-09-21T01:21:15.3870000Z
2138,0.2753085494041443,0.9328214971209213,,,,,,,,2026-09-21T01:21:17.1840000Z
2139,0.41735053062438965,0.8828282828282829,,,,,,,,2026-09-21T01:21:18.0680000Z
2140,0.00016386265633627772,1,,,,,,,,2026-09-21T01:21:19.2610000Z
2141,0.00012559237075038254,1,,,,,,,,2026-09-21T01:21:20.7340000Z
2142,0.28641510009765625,0.9047619047619048,,,,,,,,2026-09-21T01:21:21.9130000Z
2143,0.0661427453160286,0.9790209790209791,,,,,,,,2026-09-21T01:21:23.1070000Z
2144,0.1536892056465149,0.9537869062901155,,,,,,,,2026-09-21T01:21:24.2960000Z
2145,0.2868030369281769,0.9327586206896552,,,,,,,,2026-09-21T01:21:25.7880000Z
2146,0.0041268314234912395,0.9980119284294234,,,,,,,,2026-09-21T01:21:26.9830000Z
2147,0.028506651520729065,0.9932735426008968,,,,,,,,2026-09-21T01:21:28.1630000Z
2148,0.00013209145981818438,1,,,,,,,,2026-09-21T01:21:29.9470000Z
2149,0.01359234657138586,0.9966555183946488,,,,,,,,2026-09-21T01:21:30.8360000Z
2150,0.7149506211280823,0.8078048780487805,,,,,,,,2026-09-21T01:21:32.0170000Z
2151,0.11259626597166061,0.9768115942028985,,,,,,,,2026-09-21T01:21:33.5210000Z
2152,0.30730053782463074,0.9178082191780822,,,,,,,,2026-09-21T01:21:34.6910000Z
2153,0.5608815550804138,0.8590604026845637,,,,,,,,2026-09-21T01:21:35.8750000Z
2154,9.380458504892886E-05,1,,,,,,,,2026-09-21T01:21:37.0990000Z
2155,0.7500012516975403,0.8241758241758241,,,,,,,,2026-09-21T01:21:38.6180000Z
2156,0.263779878616333,0.9367088607594937,,,,,,,,2026-09-21T01:21:39.7980000Z
2157,0.07347189635038376,0.9803921568627451,,,,,,,,2026-09-21T01:21:40.9950000Z
2158,0.900968611240387,0.7793345008756567,,,,,,,,2026-09-21T01:21:42.4840000Z
2159,0.7113971710205078,0.7937293729372937,,,,,,,,2026-09-21T01:21:43.6800000Z
2160,0.00012046541087329388,1,,,,,,,,2026-09-21T01:21:44.8620000Z
2161,0.0018837739480659366,1,,,,,,,,2026-09-21T01:21:46.9510000Z
2162,0.03734241798520088,0.9884057971014493,,,,,,,,2026-09-21T01:21:47.5950000Z
2163,0.46412426233291626,0.8814432989690721,,,,,,,,2026-09-21T01:21:49.6750000Z
2164,0.11312542110681534,0.9703557312252964,,,,,,,,2026-09-21T01:21:50.5870000Z
2165,0.0014618817949667573,1,,,,,,,,2026-09-21T01:21:51.7810000Z
2166,0.00011243318294873461,1,,,,,,,,2026-09-21T01:21:53.0000000Z
2167,0.09180326759815216,0.9792147806004619,,,,,,,,2026-09-21T01:21:54.4920000Z
2168,0.35157305002212524,0.9065606361829026,,,,,,,,2026-09-21T01:21:55.7060000Z
2169,0.8705050349235535,0.7991498405951116,,,,,,,,2026-09-21T01:21:57.7820000Z
2170,0.156134232878685,0.9554794520547946,,,,,,,,2026-09-21T01:21:58.6680000Z
2171,7.958919741213322E-05,1,,,,,,,,2026-09-21T01:21:59.8620000Z
2172,0.055510811507701874,0.9822134387351779,,0.2428022387859994,0.9460370994940978,,0.43019099537255945,0.9000982694581855,,2026-09-21T01:22:45.5280000Z
